name,bizid,description
虎克老湿基,MzIzNDE3NjI0MQ==,"分享二进制分析相关技术,资讯"
社会扶贫,MzI1NTQxODA4NA==,
中国学生资助,MzAxMzcxNDAwMg==,"提供学生资助服务，宣传国家学生资助政策，传播全国学生资助信息"
包玉刚实验学校,MzA4OTQ1ODIyOQ==,
差评,MzA5NDc1NzQ4MA==,"Debug the World"
小道消息,MjM5ODIyMTE0MA==,"请不要被「小道消息」这个名字误导。在这里，我只想努力为读者朋友们呈现一幅中国互联网的清明上河图。"
饭统戴老板,MzU4NDY2MDMzMA==,"有趣且深度的硬核财经"
虎嗅APP,MTQzMjE1NjQwMQ==,"从思考，到创造"
大象公会,MjM5NzQwNjcyMQ==,"精神食粮。"
36氪,MzI2NDk5NzA0Mw==,"36氪是服务中国新经济参与者的卓越品牌和开创性平台，提供新锐深度的商业报道，强调趋势和价值，我们的slogan是：让一部分人先看到未来。"
知乎日报,MjM5MDM4MDExNQ==,"知乎官方订阅号，每日精选知乎热门、有趣内容"
warfalcon,MjM5NjA3OTM0MA==,"想每年读完100本书吗？想在100天内培养一个好习惯吗？想搞定拖延和注意力不集中吗？关注我，让你成为一个行动者，跟几十万读者一起成长，欢迎参加100天行动"
AppSo,MjM5MjAyNDUyMA==,"数字生活家，手机新娱乐"
地球知识局,MzI1ODUzNjQ1Mw==,"人文+地理+设计=全球视野新三观"
混知,MjM5Mjg3MTIzMQ==,"专治不明白！"
笔记侠,MzIxNTAzNzU0Ng==,"中国新商业知识共享社区，3000多篇干货笔记，组织管理、商业模式等28个主题可精准搜索。"
少数派,MzU4Mjg3MDAyMQ==,"少数派帮你更好地运用数字产品，提升你的工作效率和生活品质。"
caoz的梦呓,MzI0MjA1Mjg2Ng==,"caoz的心得与分享，只此一家，别无分号。"
利维坦,MzA5MzE5MTUwNQ==,"乱七八糟，什么都有，微博：利维坦行星。"
丁香医生,MjA1ODMxMDQwMQ==,"有温度、有知识、有态度。丁香医生，新一代大众健康品牌。"
Better化学大本营,MzIxOTI2MDQ5Mw==,"在这个小园地，撰写教学所思、所想，提供高中化学微课程资源, 创造有温度的解题攻略， 欢迎关注!"
共享化学,Mzg3OTEwMDI5MA==,"高中学生可通过微视频自主学习巩固知识、拓展视野；记录团队教学实践给高中化学老师提供可借鉴的教学策略；分享好的资源互相学习。"
人民日报,MjM5MjAxNDM4MA==,"参与、沟通、记录时代。"
半佛仙人,MzI2MzE2NDczMw==,"半佛仙人那些疯癫又暴躁的灵魂文章。"
果壳,MTg1MjI3MzY2MQ==,"科学和技术，是我们和这个世界对话所用的语言。"
L先生说,MzAxNTY0NjEzNg==,"Lachel，专注心理学、认知科学和心智成长。每周四原创更新，与你一起探索事物本质。"
人物,MjEwMzA5NTcyMQ==,"最好的中文人物报道"
兽楼处,MzU3MzQ2MDEwNQ==,"爷是老兽医，专治吹牛逼。"
雪球,MzA5MjE3ODgzNA==,"炒股，看雪球就够了。雪球唯一官方账号，关注雪球做更聪明的投资者。"
招财大牛猫,MjM5MjAxNTE4MA==,
爱范儿,MjgzMTAwODI0MA==,"数字公民的糖"
乱翻书,MjM5MDczODM3Mw==,"科技考古，研究公司的兴衰循环。"
机器之心,MzA3MzI4MjgzMw==,"专业的人工智能媒体和产业服务平台"
Sir电影,MzIzOTQ0MTUwMA==,"爱电影的人，一直关注我"
卢克文工作室,MzIwMzAwMzQxNw==,"用深度，记录世界当代史。"
印象笔记,MjM5OTA3MjUwMA==,"这里是超过2亿人热爱的印象笔记！帮助个人及团队保存高价值信息、整理知识、有效协作；手机、电脑、平板，多终端一键同步！让印象笔记成为你的“第二大脑”，随时随地保存灵感，有序生活，高效工作！"
泽平宏观,MjM5MjMxODAzMQ==,"预判经济形势，解读公共政策，提供及时信息，推送专业报告。"
小声比比,MzIxMjgxMDAwOA==,"【人人有图斗】公益基金发起人"
彭博环球财经,MzAxNDM1NjA1Nw==,"彭博环球财经由彭博Bloomberg出品，每个工作日的清晨为您提供最及时的全球隔夜市场回顾。彭博是全球商业、金融信息和新闻资讯的领先提供商。彭博专业服务（即彭博金融终端）为全球用户提供实时的市场资讯、准确的数据与分析，为决策者创造竞争优势。"
深网腾讯新闻,MzIwMTY1NDg4Nw==,"腾讯新闻出品栏目，《深网》是一档原创深度报道栏目，挖掘科技和TMT领域热门公司、事件和人物中的隐秘故事，探究背后的深层逻辑。"
DT财经,MzA5Mzk5MDM5MA==,"第一财经旗下研究型青年媒体，关注年轻人和他们所热爱的一切。"
南方周末,Njk5MTE1,"在这里，读懂中国！infzm.com"
网易数读,MzAxNjYwMzMwNw==,"网易新闻旗下数据新闻栏目，用数据说话。"
YXECG,MzIwNDY1Njg2Ng==,"了解你想知道的，STEAM的一切！每日分享游戏打折信息和优质游戏评测。"
极客公园,MTMwNDMwODQ0MQ==,"用极客视角，追踪你最不可错过的科技圈。"
南方人物周刊,MTY0MzI5NDcwMQ==,"重新打量每个生命"
ZEALER,MjM5NzYwNjk2Mg==,"每晚十点，首发当天热门科技"
知日,MjM5NDQ0ODYwMA==,"致力为中国年轻人深度报道日本文化，技术，创意，艺术和旅行。"
品玩,MjM5MjM3NzQwMA==,"有品好玩的科技，一切与你有关"
InfoQ,MjM5MDE0Mjc4MA==,"为一线互联网公司核心技术人员提供优质内容。科技圈的观察者，前沿技术的传播者。"
每日人物,MzA5NTExODU1OQ==,"轻商业，懂生活。"
DeepTech深科技,MzA3NTIyODUzNA==,"DeepTech是一家关注新兴科技产业化的内容、行业研究和投融资的全链条服务平台，致力于构建一个全球科技创新合作网络。"
仙人JUMP,MzI5MTE2NDI2OQ==,"仙人可痒痒可跳跳了。"
架构师之路,MjM5ODYxMDA5OQ==,"架构师之路，坚持撰写接地气的架构文章"
MacTalk,MjM5ODQ2MDIyMA==,"MacTalk 开通于2012年末，内容起于 Mac 而不止 Mac，内容覆盖了技术、创业、产品和人文思考。文风有趣，又有一点力量。"
爱否科技,MjM5NzE1NTMyNg==,"聚焦「手机互联网」领域的行业思考和产品体验"
量子位,MzIzNjc1NzUzMw==,"追踪人工智能新趋势，报道科技行业新突破"
独立鱼电影,MzA5MDM1MTcyNQ==,"承包你全年的电影片单，延长三倍的人生体验。有鱼叔，电影从未如此有趣。"
华尔街见闻,MjM5NzAwMzU0MA==,"华尔街见闻是中国领先的金融信息和商业资讯提供商，首创金融信息和商业资讯“实时”模式，重要信息秒级推送，为用户提供资讯、数据、行情、研究和社区等服务，7*24小时全年不间断。"
人人都是产品经理,MjM5OTEwNjI2MA==,"产品经理不再是一个单纯的职位，而是一种思维方式，人人都应具备。每个人都是自己的产品经理，人生就在不断打造“自己”这款超级产品。"
笔吧评测室,MzIxMTAyNjk0OA==,"欢迎关注笔吧评测室，我们是笔记本电脑爱好者，买电脑，战奸商，看电脑评测，都可以关注我们。"
科技美学,MjM5MDQ4MzU5NQ==,"中国领先的科技新媒体，那岩 每天用语音为你解读前沿科技，更有每期平均100万播放量的数码产品测评视频放送。工作外联 kejimeixue@163.com、官方网站 kjmx.com、官方浪微博 @科技美学"
人民日报评论,MzA4OTIyMjUyOQ==,"人民日报评论部微信公共账号。秉承党报评论的厚土，我们向新媒体平台伸出小小一枝，期待与您一起见证复杂而深刻的转型中国。"
商业周刊中文版,MzIyMDcwMjAwMA==,"全球视野 国际商机"
keso怎么看,MzI1ODIyMjAwMA==,"科技，互联网，生活及其他"
政事堂2019,MzAwMzU1ODAwOQ==,"另一个维度看世界"
孤独大脑,MjM5ODAyMjg3Ng==,"关于思考的思考"
奔跑中的奶酪,MzAwMjUyNzYxMw==,"高效方法论，用方法论的视角看世界。"
侠客岛,MzA3MDM2NTIwMA==,"但凭侠者仁心，拆解时政迷局。"
KnowYourself,MzA4NjcyMDU1NQ==,"引领身心健康的生活方式。"
刘润,MjM5NjM5MjQ4MQ==,"欢迎关注这个洞察事物本质的公号。刘润，润米咨询创始人，40万学员《5分钟商学院》主理人，前微软战略合作总监，国内知名商业顾问。为海尔、中远、恒基、百度等多家知名企业提供战略咨询服务。"
宁南山,MzI0Mjc2NDc2OQ==,"在深圳搬砖的中产阶级，有价值的产业，经济，政经和生活内容信息提供者。"
一本黑,MzU4ODAwNzUwMQ==,"一双互联网阴暗面的眼睛"
哈佛商业评论,MjM5NzY4MzQyMQ==,"《哈佛商业评论》( Harvard Business Review，简称 HBR )创建于1922年，是哈佛商学院的标志性杂志，被全球商界誉为“管理圣经”，众多耳熟能详的管理思想家、管理理论均出自《哈佛商业评论》。更多管理智慧，请登录官方网站：www.hbrchina.org。"
张佳玮写字的地方,MzA5NjY2NTcxOA==,"文学、艺术、体育、历史、旅行等题材的文字源。"
42章经,MzIyMDE5OTYyMw==,"思考事物本质 | 创投圈教科书式必读公号"
stormzhang,MzA4NTQwNDcyMA==,"前码农&产品人，现自由职业者，创业者。"
X博士,MzAxOTMxNTUxNw==,"广阔天地，大有作为"
功夫财经,MzIzOTA3NTA5Mg==,"国民财商提升者，财经新媒体头部平台，由知名财经主持人王牧笛创办。汇聚中国“极具圈层价值的财经学者天团”，通过音频、时评文章、直播、社群活动，每天第一时间解读财经事件，透视财富生活。这里是财经江湖，这里有真功夫。"
水库论坛,MzAxNTMxMTc0MA==,"科学尚未普及"
辉哥奇谭,MzA5NjM0Nzc3NA==,"和我一起，探索财富与精神自由之路"
看理想,MzA3MDM3NjE5NQ==,"“看理想”诞生于知名出版品牌“理想国”，以“做出版”的态度，开发视频节目、直播、音频及周边产品等一系列媒介，探寻文化生活的另一种可能。"
GQ实验室,MjM5MDA1ODAzMg==,"有型有款，智趣不凡"
槽边往事,MjM5MjAzODU2MA==,
澎湃新闻,MjM5MzI5NTU3MQ==,"有内涵的时政新媒体"
财新网,MjY2NzgwMjU0MA==,"实时、原创、专业的财经新闻集散地。在信息爆炸的年代，你需要选择"
新潮沉思录,Mzg5NjE3MzI5NQ==,
谷雨实验室-腾讯新闻,MzU2MDEwMTIwMg==,"腾讯新闻出品、谷雨工作室旗下栏目，聚焦深度图文内容。"
占豪,MzUxNjUxMTg3OA==,"国际局势·财经投资·国学哲学丨连续6年新媒体百大人物/自媒体最佳表现大奖/最受中国企业关注的自媒体账号丨我们一起同行，我们一起进步！"
科研圈,MzA5NDkzNjIwMg==,"《环球科学》杂志旗下学术传播与服务平台，官方网站领研网 www.linkresearcher.com"
最美应用,MjM5MTA2NjI0MQ==,"一起发现好用、好看、好玩的应用"
大浪淘沙,MjM5NzE2NTY0Ng==,"严肃知识分享平台"
环球科学,MjM5NDA1Njg2MA==,"《环球科学》杂志官方帐号 www.huanqiukexue.com"
好奇心日报,MzA3MzU0OTQzMw==,"你的头条不该只是些无聊事，让好奇驱动你的世界"
经纬创投,MzA3ODk5OTEzOA==,"经纬创投公众平台，创享汇，新闻发布官方平台"
阑夕,MjM5NzY2OTE2MQ==,"商业科普视频博主，知名科技自媒体，专注于互联网、新媒体及亚文化的深度观察和商业评论。"
小众软件,MjM5NDMwMTI2MA==,"推荐有灵魂的电脑软件、手机应用。"
棱镜,MzA3MTY0MTQzNg==,"腾讯新闻出品栏目，《棱镜》聚焦泛财经深度报道。"
回形针PaperClip,MzA3NDM1MjUwNg==,
定投十年赚十倍,MzAwNzQ5ODk3Nw==,"银行螺丝钉，专注于指数基金，雪球超人气大V，畅销书《指数基金投资指南》作者，曾多次排名亚马逊财经书籍榜首。北京电视台投资者说节目特邀嘉宾，中央广播电视台经济之声节目特邀嘉宾。雪球、微博账号：银行螺丝钉"
罗辑思维,MjM5NjAxOTU4MA==,"每天一段罗胖的60秒语音，推荐一本值得阅读的好书。 关注罗辑思维，我们一起终身学习。"
秋叶PPT,MjM5MDgxNjc0MA==,"免费PPT模板、PPT干货教程、PPT素材资源一网打尽！Office、神器工具、职场成长，每天早上三分钟，碎片时间学起来！"
也谈钱,MzUzNjE3NzQ3Nw==,"一枚工程师的财务自由日志，工资理财也能财务自由。"
灏泽异谈,MzI4OTUyODgwMQ==,"用智慧让你过得更好，用命理助你爬的更高。备用号“灏泽论坛”"
知识分子,MzIyNDA2NTI4Mg==,"知识分子由非营利公益组织北京市海淀区智识前沿科技促进中心主办，以传播科学知识、弘扬科学精神、促进科学文化为使命，致力于关注科学、人文、思想。我们将兼容并包，时刻为渴望知识、独立思考的人努力，共享人类知识、共析现代思想、共建智趣中国。"
九边,MzUzMjY0NDY4Ng==,"一个么得感情的公众号"
AI财经社,MzI2NDA5NDUxMw==,"《财经天下》商业观察"
包邮区,MzUxMzAzMzk5Ng==,"弘扬社会主义核心价值观，共筑中国梦"
新智元,MzI3MTA0MTk1MA==,"智能+中国主平台，致力于推动中国从互联网+迈向智能+新纪元。重点关注人工智能、机器人等前沿领域发展，关注人机融合、人工智能和机器人革命对人类社会与文明进化的影响，领航中国新智能时代。"
浪潮工作室,MzU4Mjg2OTI2MA==,"网易旗下栏目，给你另一种看世界的角度和态度"
CSDN,MjM5MjAwODM4MA==,"专业的中文 IT 技术社区，与千万技术人共成长。"
吴晓波频道,MzA3OTM5NTkxNA==,"这是财经作家吴晓波带领“巴九灵”们运营的知识平台，这里汇聚了400多万认可商业之美、崇尚自我奋斗、乐意奉献共享、拒绝屌丝文化的新中产。"
三联生活周刊,MTc5MTU3NTYyMQ==,"一本杂志和他倡导的生活。"
越女事务所,MzAwNzM3NzU4OQ==,"感受金钱的善意。"
晚点LatePost,MzU3Mjk1OTQ0Ng==,"最好的商业报道"
改变自己,MjM5NDg2NjA4MQ==,"相信我，改变自己一定是痛的。"
真实故事计划,MzIwNzM2MjA4OA==,"每天一个打动人心的原创真实故事。"
秦小明,MzAxODM3OTA4Mg==,"让一部分人先懂金融"
码农翻身,MzAxOTc0NzExNg==,"技术本来是很精彩的啊！"
反派影评,MzIxMTMzNTc5OA==,"若批评不自由，则赞美无意义。党同伐异，猛于炮火。"
六神磊磊读金庸,MzA4NDEzNTMyMA==,"众所周知，我的主业是读金庸"
长赢指数投资,MzIwMTIzNDMwNA==,"指数化投资适合绝大多数人。利用市场估值与投资者情绪的变化，对指数长期持有，低买高卖，是普通投资者在资本市场获得财富的最佳方式。本公众号定期给出投资指数ETF的建议，过往投资成绩出色，值得你拥有。"
孟岩,MzIzNTQ4ODg4OA==,"有知有行创始人。热爱投资、冥想、写作以及打造产品"
连岳,MjM5NDU0Mjk2MQ==,"传递好观念。"
一席,MjM5NjYyMjM0MA==,"来自新浪微博认证资料：一席论坛官方微博 @一席YiXi"
战忽局,MzIxNDEzNzI4Mg==,"战忽局在公众平台上发布原创优质图文、视频、音频等节目。"
奴隶社会,MzA3NDMyOTcxMQ==,"不端不装有趣有梦的原创文字，听现实的理想主义者讲自己的故事。我们有高大上咨询公司合伙人，挨踢界的连续创业者，顶级VC合伙人，著名科普作家，公益人，和很多很多朋友。加入奴隶社会，也加入我们的社区，相信你在这里一定可以找到志同道合的朋友。"
睡前消息编辑部,MzU4MTU1NzI4Mw==,"马前卒工作室"
eBooksPlan,MzI5MDM4NTYwOA==,"小声读书，荒腔走板。"
阿里技术,MzIzOTU0NTQ0MA==,"阿里巴巴官方技术号，关于阿里的技术创新均呈现于此。"
老钱说钱,MzA5MDg0NjY0Mw==,"精简篇幅说明冗长道理，例子数据推演现实逻辑。严肃活泼，适当专业。"
心智工具箱,MzA3MzM0MjUyMQ==,"阳志平的私人写作空间。"
PaperWeekly,MzIwMTc4ODE0Mw==,"PaperWeekly是一个推荐、解读、讨论和报道人工智能前沿论文成果的学术平台，致力于让国内外优秀科研工作得到更为广泛的传播和认可。社区：http://paperweek.ly | 微博：@PaperWeekly"
英文悦读,MzA4MTY0NTYwMA==,"可能是最靠谱的英语学习公众号之一。学英语，总会有好事发生的。"
开智学堂,MzA4ODM4ODQ3MQ==,"开智学堂是创新的英才教育机构。旗下四大学院：认知学院、写作学院、效率学院、增长学院，帮助你科学、系统地提升职业能力。欢迎来到开智学堂，与成千上万小伙伴一起升级认知、提升技能。"
理想国imaginist,MjM5NzIwMTIyMQ==,"知名文化品牌。想象文化与生活的另一种可能。"
星球研究所,MzIyOTQ1OTYzMw==,"一群国家地理控，专注于探索极致世界"
大数据文摘,MjM5MTQzNzU2NA==,"普及数据思维，传播数据文化"
Vista看天下,MjM5NDA5NDcyMA==,"这里有好看的新闻故事"
Nature自然科研,MzAwNTAyMDY0MQ==,"从1869年Nature创刊以来，我们一直关注全球科研进展，通过自然科研品牌，我们提供一系列专门服务于科研共同体的优质产品与服务，涵盖生命科学、物理、化学和应用科学，包括了期刊、数据库和研究者服务等。"
程序员小灰,MzIxMjE5MTE1Nw==,"一群喜爱编程技术和算法的小仓鼠。"
混沌大学,MzUyMDQ5NzI5Mg==,"混沌大学公众平台，创新家的思想汇，混沌新鲜事的集散地，和你一起面向未来。"
东方历史评论,MjM5OTA5MzAwMQ==,"《东方历史评论》杂志官方微信账号，每天提供新鲜洞见。"
PriceTag发现好应用,MzIzOTIwNTI5Nw==,"精选应用推荐，应用人物故事"
经济学人双语精读,MzI5MzQ0NjMyMw==,"解读《经济学人》等主流英文报刊，在阅读中提高读写能力，开拓眼界，顺便通过考试。"
第一财经YiMagazine,MjM5NDAzMjk2MA==,"这里是《第一财经》杂志（前身《第一财经周刊》）读者俱乐部，我们为你发掘精彩的商业价值，也邀请你一起探寻明亮的商业世界。"
杜绍斐,MzU5MzU4OTczMA==,"让性感有趣的男人先发声。"
毕导,MzU0MDk0NDE3NA==,"每个人都是世界的探索者 (平时会发毕导的科学视频以及各种迷思！)"
央视新闻,MTI0MDU3NDYwMQ==,"中央广播电视总台新闻新媒体中心公众号，提供时政、社会、财经、体育、突发等新闻信息以及天气、路况、视频直播等服务信息。"
经济学人集团,MjM5MjA1Mzk2MQ==,"经济学人集团是分析国际商业及时事的主要来源。我们通过报纸杂志，会议商讨及电子服务等各种形式为您提供全方位信息。"
魔宙,MzIzOTE5Nzg4MA==,"魔宙，一个神秘的公众号，定期推送社会小说和都市传说。关注我们，读故事，看社会。"
大玩家张磊,MjM5NzcwMDQ5Mg==,"大玩家，讲述年轻人的旅行、消费和投资的话题，内容由作者张磊100%原创。如果你对银行、用卡、旅行、投资知识感兴趣，不妨跟大玩家一起体验一下高品质的生活。"
单读,MzA3MzYzNjMyMA==,"《单读》是单向空间的品牌出版物，它团结着新一代作者和读者，内容以小说、诗歌、文化评论、思想随笔、非虚构报道和艺术作品为主，推崇沉静、深入、优雅的阅读，尊重清醒、独特、富有活力的声音，致力于成为全球青年思想策源地。"
姜超宏观债券研究,MjM5MDA1MjY2MQ==,"海通证券宏观债券研究员，发布个人观点，及时更新，以更便捷的方式和大家交流"
新京报书评周刊,MjM5NTUxOTc4Mw==,"新京报书评周刊2003年创刊，每周六出版发行，口号是“阅读需要主张”。书评周刊气质是严肃而有趣，主要评价国内外出版的大众类优秀图书。"
前端之巅,MzUxMzcxMzE5Ng==,"InfoQ大前端技术社群：囊括前端、移动、Node全栈一线技术，紧跟业界发展步伐。"
高效率工具搜罗,MzIzMzE4NTk3OA==,"分享好玩有趣的App 和高效率工具"
新世相,MzI2OTA3MTA5Mg==,"每天最后一分钟的人生学校，我们终将改变潮水的方向。"
三表龙门阵,MjM5NTU0NTgyMg==,"以有趣抵御无趣，三表龙门阵致力于透过纷繁芜杂的公共热点，提供解渴、理性、独到的声音。"
歪理邪说,MjM5MTE4Nzk1NA==,"一切关于未来的故事在实现之前都是歪理邪说。"
鸟哥笔记,MzUzODg2MTU1OQ==,"学运营推广，上鸟哥笔记！2020年366天，每日08:08获取移动互联网实战干货、行业资讯...助力互联网人高效成长～"
中国日报双语新闻,MzU1NTcxODQ0OQ==,"China Daily旗下官方账号。每周七天，为你的英语保鲜！"
曹将,MzA5NTEzNzgyMA==,"畅销书《PPT炼成记》作者，印象笔记2019年「职场识力榜」No.3。每周两篇职场干货，专注经验分享和效率提升。"
环球时报,MjM5MDk1NzQzMQ==,"报道多元世界 解读复杂中国"
人间theLivings,MzI0MjAwNTQzOA==,"网易人间工作室：以叙事之美，重构我们的生活。"
BetterRead,MzAxODYzNjY5Ng==,"有理，有趣，有用。"
上海发布,MjM5NTA5NzYyMA==,"生活在这座梦幻的城市，与TA共同成长。我们提供上海的资讯，更希望成为您又一个喜欢上海的理由。这里是上海市人民政府新闻办微信平台。"
国家人文历史,MjM5MDg1NjA2NA==,"人民日报社主管主办，原名《文史参考》，“真相、趣味、良知”，为学术界搭建话语平台，为新锐者提供思想阵地，为文史爱好者营造精神家园。"
中科院物理所,MzAwNTA5NTYxOA==,"物理所科研动态和综合新闻；物理学前沿和科学传播。"
金融监管研究院,MzA3MjkyODI1Nw==,"我们专注于资管、债券、ABS、银行风险管理、政府融资、房地产等监管政策研究。"
前端早读课,MjM5MTA1MjAxMQ==,"关注前端，产品体验设计，更关注前端同行的成长。  每天清晨五点早读，七万+同行相伴成长。"
简七读财,MjM5MzA3MjI2NQ==,"理财更简单，人生更自由"
物种日历,MzA5MjMzOTY4Mw==,"世界上的生物只有两种——已经出现在物种日历的，以及将要出现在物种日历的。这里既有萌点奇怪的『冷知识』，也有丰富『走心』的自然科普。每天一物种，带你看世界。"
正午故事,MzAxMzMzODcyNQ==,"用故事凝视时代"
新华社,MzA4NDI3NjcyNA==,"新华通讯社官方账号。新华社是中国国家通讯社，现场新闻、原创新闻报道的大本营。"
剥洋葱people,MzI2ODExNzg5OQ==,"剥开人物外壳，记录真实可感的生命。新京报深度报道部出品。"
关哥说险,MzU2Mjg0NjkxMw==,"关哥，一枚混迹港陆金融圈十几年的资深保险人，教你把保险买得明明白白。"
政见CNPolitics,MzI3MDE0NzI0MA==,"我们想拆掉知识的高墙，让普通人读懂社科学术研究，接触靠谱思想资源。"
瞭望智库,MjM5ODU0NTk5NA==,"“正本清源，传播常识”。2015年底，新华社获批为党中央、国务院、中央军委直属的首批10家国家高端智库试点之一。瞭望作为新华社国家高端智库的公共政策研究中心，是国家高端智库建设的重要组成部分。公共政策研究中心与先期成立的瞭望智库一体化运作。"
豆瓣电影,MjM5NjA2MDQ4MA==,"发现好电影，分享看电影的乐趣。"
武志红,MzU2ODI5ODMzNg==,"资深心理咨询师，看见心理创始人，得到热门专栏作者，著有畅销书《为何家会伤人》、《为何爱会伤人》等，微博：@武志红。现于北上广深杭厦门成都苏州南京青岛10个城市开办了武志红心理咨询中心。"
中国新闻周刊,MjM5MDU1Mzg3Mw==,"这里是《中国新闻周刊》掌门周刊君，影响有影响力的你。和我一起拨开迷雾，追寻真相，守望时代。"
观察者网,MjM5MjA4MjA4MA==,"中国关怀  全球视野"
新周刊,MjM5ODMzMDMyMw==,"一本杂志和一个时代的体温。"
玉树芝兰,MzIyODI1MzYyNA==,"思考教育、写作和互联网。 我已委托“维权骑士”（rightknights.com）为我的文章进行维权行动。"
高可用架构,MzAwMDU1MTE1OQ==,"高可用架构公众号。"
影探,MzI5MTczODI3Ng==,"美剧资深鉴赏员，电影专业老司机，推荐真正好看的影视作品，日剧韩剧也是不会错过的！"
何凯文考研英语,MjM5NTEzMjY4MQ==,"何凯文考研英语辅导账号"
余晟以为,MzA3MDMwOTcwMg==,"我是这么以为的，当然你也可以那么以为"
三节课,MzI2NTY4MDg1NA==,"三节课（www.sanjieke.cn），给你看得见的职业成长！"
壹读,OTE4MzAyODYx==,"日常生活中的百科、文艺背后的历史，热点深处的冷知识。用轻幽默、有情趣的方式一起涨姿势、正三观。"
十点读书,MjM5MDMyMzg2MA==,"深夜十点，陪你读书，美好的生活。好书/故事/美文/电台/美学。"
刘备教授,MzIxNzYxMTU0OQ==,"努力进化，为的就是在这个市场里站着把钱赚了"
独霸上海的妖怪,MzI4MDYxNzMxOA==,"我是来自复旦大学外文学院的Lexie，带你精读英美外刊，了解世界风云变幻。"
智谷趋势,MzA5ODA5MzgwNw==,"新中产的首席财富顾问"
原理,MzA4NDU1MDY5OA==,"科学，照亮黑暗的蜡烛。"
我要WhatYouNeed,MzA3NDYwNzI0NA==,"一个年轻人的聚集地。"
GQ报道,MzU0Mzc5NTQxMw==,"记录人物的浮沉和时代价值的变迁。全面、真实、深入、准确的非虚构故事，每周为您送上。"
刘言飞语,MjM5NDkyNTUzOA==,"做一个产品观察者。"
互联网er的早读课,MjM5NTQ5MjIyMA==,"在这里，重新赋予时间价值，看到不一样观点。7年日更从未间断，持续服务百万互联网人"
李迅雷金融与投资,MzIyMTE0NjExMA==,"经济-金融-投资"
Voicer,MjM5NzA1NDA0Ng==,"灵感点亮生活，生活温暖人心。在线杂志Voicer，分享生活和设计的美学，创办于上海。网站：http://voicer.me | 微博：@VOICERme | Instagram: @voicer_me"
高冷冷,MzI3MjA5MTgzMQ==,"写切实有用、有趣的干货：学霸养成丨心理丨思维丨方法论。"
网易UEDC,MzI1ODY0NTg0MA==,"网易UEDC，全称网易用户体验设计中心（User Experience Design Center），是网易设计的核心部门。负责网易旗下众多产品的用户体验设计，如网易云、网易云音乐、网易云课堂、严选、易信、邮箱大师、LOFTER、考拉海购等"
LinkedIn,MzA4ODM1MTMzMQ==,"LinkedIn（领英）创建于 2003 年，致力于在连接人脉的基础上为中国职场人职业发展的每一个阶段提供更丰富和全面的价值，连接无限机会。作为全球知名职业社交网站，领英全球会员总数已超过6.74亿，覆盖200多个国家和地区。"
半导体行业观察,MzU3OTA0MjQ3Mg==,"最有深度的半导体新媒体，实讯、专业、原创、深度，50万半导体精英关注！专注观察全球半导体最新资讯、技术前沿、发展趋势。《摩尔精英》《中国集成电路》共同出品，欢迎订阅摩尔旗下公众号：摩尔精英MooreElite、摩尔芯闻、摩尔芯球"
游戏研究社,MzIzNzM3NzE2MA==,"看懂游戏，研究快乐，简称“游研社”。"
界面文化,MzI3NzUyMTE3NA==,"在这里，与最优质的文化原创内容相遇。"
AI前线,MzU1NDA4NjU2MA==,"面向AI爱好者、开发者和科学家，提供AI领域技术资讯、一线业界实践案例、搜罗整理业界技术分享干货、AI论文解读。每周一节技术分享公开课，助力你全面拥抱人工智能技术。"
杭州交通918,MTA5Mzc3MDQyMA==,
中国经济网,MjM5ODgwODY2MA==,
央视财经,MjM5NzQ5MTkyMA==,
广东公共DV现场,MzI0NzQwNzY1Mw==,
洞见,MjM5MDc0NTY2OA==,
中国搜索,MzA5ODM5NTcwNQ==,
有书,MjM5Nzg0MTQ3OQ==,
新闻坊,MjM5NDM1NjY3MQ==,
中国基金报,MzA5MDEzNjQwMA==,
FM93交通之声,MTIzNDg3NzY2MA==,
夜听,MzI1NjA0MDg2Mw==,
新闻夜航,MjM5OTgxMjA4MA==,
微泰州,MjM5MjQyMDY1NQ==,
同道大叔,MzAwMDAyMzY3OA==,
经济日报,MjM5NjEyMzYxMg==,
英国那些事儿,MjM5NjAwNzI0MA==,
安徽交通广播,MjM5Mjk2ODM2MA==,
视觉志,MjM5NTAyODc2MA==,
新氧,MjM5OTIwNjQxNw==,
新财迷,MzA5OTM2MTc1Mg==,
InsDaily,MzI2MTcxMjI0MQ==,
百草园书店,MjM5MTg2MDg4MA==,
新晚报,MjM5NTU1MTY5Mg==,
一星期一本书,MjM5OTIxMzc4Mg==,
军武次位面,MzI2MTA4Njg3Ng==,
深圳大件事,MzA4NTczOTMzMQ==,
江苏交通广播网,NjA0NTgzMTAx,
券商中国,MzA3NjM5MjIwOQ==,
国学生活,MzIzMzAxODM0OA==,
都市现场,MjM5NjMzOTk2MA==,
河北交通广播,MjUwNjU1NzA0MQ==,
读者,MjM5NDA2NjY4MA==,
21世纪经济报道,MjI3Njc0NTk4MQ==,
冯站长之家,MzA5OTQyMDgyOQ==,
lnstagram优选,MzUyNjczNzM3NQ==,
直播海南,MjM5MDg5NDMzMQ==,
娱记在线,MzI0MzYzOTg5NA==,
南国今报,MjM5NDgwNjEwMA==,
诗词天地,MzI2NDI3ODk0OQ==,
陕西都市快报,MjM5MTMwNjk0MQ==,
大楚网,MjM5MTAyMTk2MA==,
新浪娱乐,MzA3NzIwOTIwMQ==,
大爱猫咪控,MzUyODg1OTEyOA==,
唐唐频道,MjM5OTIwODMzMQ==,
每日音乐,MzA3MDMwNjgwMw==,
青年文摘,MzA5ODEzMTIxOA==,
i深圳,MzU2MTY5NDE1Mw==,
她刊,MzA4OTIxOTA4Nw==,
新闻广角,MjM5MjgwNTQ1MQ==,
国学文化,MzA3NzcyNjIyNg==,
不二大叔,MzI0NTI3MDMwOA==,
学生安全教育平台,MzI3MjY3MTcyNA==,
卡娃微卡,MjM5MDg0OTE0Mw==,
东南早报,Nzg5NDY3NjYx,
百姓关注,MjM5NDUwMzY2MA==,
点点星光,MzA3MTQxODAxOA==,
南风窗,MjM5NjQzMzcxNA==,
知书先生,MzI0NDYwNDU4Ng==,
异能八卦局,MzIxMzY3OTY3NA==,
姨太少女心,MzIwNjIwMjMxOQ==,
美闻参阅,MzA3MDM5ODY4Ng==,
黑龙江交通广播,MjM5MTczNDUyMA==,
北美留学生日报,MzA5NzIwMjQzMA==,
更美,MzA4NzAwNDEyMA==,
少女兔,MzA3MzUzOTg1Nw==,
大话西游2,MjM5NTg1NjgwMQ==,
台州交通广播,MjAzMDQwNTU0MQ==,
汽车之家,MjM5MzA0NDM0MA==,
FLIGHTCLUB中文站,MjM5MzI4MTc2NA==,
丁香园,MTg0MzMwODA0MQ==,
当时我就震惊了,MjM5MDAwMzUyMA==,
987私家车广播,MjQwOTA5NzU=,
新闻哥,MjM5MTMwOTU4MA==,
一条,MjM5MDI5OTkyOA==,
十点文摘,MzI5NjA2MTAzNA==,
腾讯视频,MTY5NDY3,
湖北经视,NzEyNTY0NDYx,
山东高考一点通,MzIzMzg1Mzg5OA==,
牛弹琴,MzA5OTk4NDYwMw==,
最爱大新疆,MzIzNjg4NDQxNg==,
芒果扒皮酱,MzA4MzYxNzYzMA==,
好机友,MjM5MDYxMDA0MQ==,
山东教育发布,MzA4MDM1Njg3NQ==,
远方青木,MzU5MzcyMzc2OQ==,
大众网潍坊,MjM5MDg1OTYwNA==,
史上最贱喵,MzA3MjU1NDg4NQ==,
日行一善共修平台,MzIxNTE0MzQwMA==,
读书有范,MzI2MzM5Njc1MQ==,
老子道德经,MzA4NTU1MTgyNw==,
YY八卦,MzA4MjUyODc4Mw==,
狗与爱的世界,MzI2MzkzMDM0OA==,
读文摘精选,MzUxODU0NTUwMw==,
槽值,MzIzNDAxNjkxOA==,
小白测评,MzAwOTUzNTYxOQ==,
龙视新闻在线,MzI5MjYxNDU0Mw==,
小强热线浙江教科,MjM5NzYxMDU4MQ==,
英雄小助手,MzA3MTYyMTExNA==,
睡前伴读,MzIzMjEyNzAwMA==,
白妞漫画,MzI0NDcyOTI3Mg==,
思想聚焦,MjM5ODA0NDMyMA==,
王者荣耀,MzIwMTI1OTI3MA==,
冷兔,MTgwNTE3Mjg2MA==,
钱眼,MzA5ODc0MTUwNA==,
财经要参,MzAxNDA3Mzk1OA==,
英国报姐,MzIxNTkyMDQwNg==,
FM1007福建交通广播,MjM5MTAzNTE4MQ==,
ins生活,MzA3NjIxODU2Ng==,
三甲传真,MzAxODI5OTI5Nw==,
阜阳公众网,MzU4NjU1NjA1OQ==,
都市全接触,MjM5OTQ2NjQwMA==,
896汽车调频,Mjk0MzQ2OTE4MA==,
时尚芭莎,OTYyNDk0MDgx,
新闻正前方,MjM5NDEzMTE2Nw==,
慈怀读书会,MjM5NzMyODA2MQ==,
GirlDaily,MzIyNzEwNjU2Nw==,
练瑜伽,MjM5MTMwMTI3NA==,
深圳本地宝,MzA4OTQ5NTk2Mw==,
圈圈聚焦,MzAxOTgxNTc4Ng==,
木棉说,MzA4NjAwOTQzNg==,
无线徐州,MjM5NDE3MDgwMg==,
广东台今日关注,MzA4OTE5MjkzNQ==,
新娱小王子,MzUyMzI5MDk1Ng==,
读书369,MzAwNzEzOTgwNQ==,
院长在线,MzAwOTM5NzEyMA==,
十锤星人,MzI4ODc0MTQyOQ==,
讲武堂,MzAxOTE3NTM4Mw==,
卖瓜小哥,MzI5ODA3ODEwMA==,
有车以后,MzAxMTA0ODE3Mw==,
天天炫拍,MzAwNTI1MDE0MA==,
朱门大叔,MzI2OTA2OTYxNg==,
吐槽星君,MzI4NjA0MTc0Nw==,
酷玩实验室,MjM5OTYwOTM0Nw==,
北京本地宝,MzAxMDE1MTk3Nw==,
时尚COSMO,Mjc0NzU0MzU0MA==,
十点读书会,MzAwNDIyMTE3Ng==,
INSIGHT视界,MzA3MDM3MDYwMg==,
每日豆瓣,MjM5MTM5MTAyMA==,
捡书姑娘,MzAwMjU0OTEyNQ==,
中国教育报,MjM5OTU5MzcyMg==,
上海本地宝,MzI1MzA5MDEyNQ==,
名城苏州网,MjM5NDA2MjkxNQ==,
爸妈营,MjM5NjI4MDU4NA==,
BTV暖暖的味道,MzA4MTUzODI0Ng==,
丁香妈妈,MzAwMDI4NjY5OQ==,
财经早餐,MjM5ODUxMjExMA==,
江淮晨报,MzUzNDUyNDMxOQ==,
青小小,MzAxMDY0ODUxMw==,
凤凰网财经,MzU5ODU1Mjg5Nw==,
捡书博士,MzI4NTM5ODI3NA==,
温书先生,MzI1NjE3NjQ0Ng==,
第十一诊室,MzA4OTk1MTczMA==,
陕西交通广播,MjA2NjUwODk2MA==,
扒友基地,Mzg4OTA4MTc5Nw==,
YY新闻,MzAxMDMwMzQ3OQ==,
每日经济新闻,Mzg3NTA5MjkyNQ==,
网红八卦,MzIyODE4NDg1Mw==,
网红前线,MzU0NjAxMzA0Mg==,
好奇博士,MzA4MzMxNTk3Ng==,
沈阳网,MjM5NTYyOTY0MQ==,
仙友Game,MzU4NTQ5MDcwNQ==,
一禅小和尚,MzA5NzU0NDMyNg==,
新闻早餐,MzA5Mzc1MzgzNQ==,
叶檀财经,MzA3OTI2OTI5NA==,
灵魂有香气的女子,MzI4MDYzODg2NA==,
冷笑话,Mjk2NzMwNTY2MA==,
李佳琦Austin,MzU0NzE4ODI4NA==,
网红幕后,MzI5NDk4OTUzMg==,
西湖之声,MTA2Mjk0MTE2MA==,
玩车教授,MjM5MjEzNzYzOA==,
BTV我是大医生官微,MjM5NjgzMTQ3NA==,
狂言Doggy,MzU2OTE4ODYzNQ==,
八卦懵逼果,MzI2ODg2OTY1NA==,
NMTV新闻天天看,MzIyNTg3MTM1Nw==,
云酒头条,MzI5MzIxODgyNQ==,
黄生看金融,MzUzODU1OTI2Nw==,
江海南通,MjM5OTA0MzUzMg==,
每晚一卷书,MzUzMjM5MjYwMQ==,
头像社,MjM5NzAyMDIwMA==,
末那大叔,MzU5NDAzMjQxOA==,
黎贝卡的异想世界,MzU1NDMxOTg4Mg==,
年糕妈妈,MzA5OTk2NjYwMg==,
韩国me2day,MjM5NDg1NTU2MA==,
李月亮,MzAwMDI5OTI1OA==,
十点人物志,MzU0NzUxMzQzNQ==,
梅州电视民生820,MzA3OTI1NjkzMw==,
麦子熟了,MjM5MTA4MjE5OA==,
愚小九,MzA3MzMwNDc1Ng==,
乌鸦校尉,MzI5Mjk4NDIxOQ==,
蕊希,MzA4MzE0NjE3Mg==,
美美娱乐,MjA0MTg1NjMyMA==,
丁香生活研究所,MzA4MTg0MjA5OQ==,
秦楚网,MjM5MDI4OTM4MA==,
冷笑话精选,MjM1ODIzNTU2MQ==,
人民网科普,MzI1NjM4ODIwMQ==,
薇娅惊喜社,MzU4MTkzMzY3MA==,
一起去SUV,MzAwODI2OTA1MA==,
最爱大北京,MzA4NjA3OTkzNw==,
山东教育电视台,MjM5NzE4MTI4NA==,
正商参阅,MzIwODU1MTIyMw==,
军武速递,MzUxMDkzMTU1NA==,
不山大叔,MzI2NzQxMTI4Mw==,
斜杠先生,MzIzOTQ4NTEwMQ==,
正能量,MzA4NDA5OTUxMw==,
格调先生,MzIwMTA4NjQ2OA==,
微酒,MjM5MzkxODMzMw==,
粤知一二,MzI4MDU3Njk4MA==,
躺倒鸭,MzA5Njc4ODI1NA==,
柳飘飘了吗,MzU4NjEwODA1MA==,
菜菜美食日记,MzU5OTAyNDA4Mw==,
CCTV生活圈,MzA3MjAzMDMwMg==,
腾讯医典,Mzg2NDEzNTk4OA==,
城市零距离,MjM5ODg0MTg3Mw==,
科学家庭育儿,MzUxMjA0NzE0Mg==,
教育百师通,MjM5NjgwMzE5Mg==,
橘子娱乐,MjM5MjcwMzI1Ng==,
文小叔说,MzIyMzg5NDQ2Nw==,
浙江之声,MTYzNTI5ODEwMQ==,
和平精英,MzI1OTk2OTM0NQ==,
科技狐,MzU2MzcyNzgzOQ==,
水木君,MzI5OTQ2NTY3MQ==,
桂风起,MzAwNjg2MDU5Nw==,
桌子的生活观,MzUyMTc1OTE3Nw==,
大家车言论,MjM5Mjk5NTM0MQ==,
樊登读书,MzAwMDM4Mjg2Nw==,
男孩派,MzUyNzE4OTE1Mw==,
金融五道口,MzAxMDY5MTc5Mw==,
情侣头像大全,MzAwMTMxNTMyOQ==,
哲学人生网,MjM5NTI5MDg2MQ==,
唐绮阳看星星,MzI4NjkwMTY3OQ==,
泉道,MzU5ODkwOTE4OQ==,
新老人,MzA3NjkyMDc2Mg==,
居里生活笔记,MzIxMjAxMTQzNA==,
tayirjan,MzI1MjYxOTY3Mw==,
广州本地宝,MzAxOTczODg4NA==,
北京大妈有话说,MzI3NjA3NzU4OQ==,
贵州省招生考试院,MzA5NTU1NjY3NQ==,
贵州教育发布,MzU0NjQxODQ5NQ==,
电网头条,MzI3MzAzMjMwNQ==,
悦读文摘,MzA5NDQ0NDEzMA==,
整点电影,MzAxMzAyMTQ1NA==,
19楼,MjExMTExNDA2MQ==,
听书369,MzUzODExOTQyNA==,
江苏招生考试,MjM5NjAzNDgxNg==,
原来是柒公子,MzIxNTYxMzA3NA==,
大众网烟台,MjM5NzMyMzQxMg==,
ONE文艺生活,MjM5ODA0NTc4MA==,
当红小花,MzIzMzcwNzQ5MQ==,
电影派,MzI2OTA1ODI0Mg==,
老安谈健康,MzU1NzQ1NDY5NQ==,
女神进化论,MzU1MjY4NjAzMQ==,
一只学霸,MzI4OTc0MTQwNA==,
备胎说车,MzIzMTk1NTk1MQ==,
星座不求人,MzA4Mzg0MTY2NQ==,
新氧美学院,MzU1Njc5NzU5NA==,
襄阳播报,MzAxMjQ5NDUxNg==,
南昌新闻,MzA3MTAwNjYyOQ==,
武汉本地宝,MzA3MTA4MjM3MA==,
灼见,MzA5NzQ2MjMxMQ==,
年糕妈妈育儿,MzI5ODU0MTM4MQ==,
广东省教育考试院,MzI4NjYzMTM4MA==,
乌鸦电影,MzI5NDM5MjU1Nw==,
万小刀,MzI1ODk2ODE0Mw==,
研报社,MzU1NTI0OTA0Ng==,
大众网淄博,MzA5MzIzNzYyMA==,
暴走大事件,MzI4ODA1MDA2MQ==,
杨毅侃球,MjM5NTAzMjY2NQ==,
证券时报网,MjM5NDEzMTAwMA==,
昆山论坛,MjM5MTM1NzQ3Mg==,
周冲的影像声色,MzA4OTI5NDMyNw==,
大众网青岛,MjM5OTIxMTExMg==,
十堰广播电视台,MjM5OTg5MDI0Mg==,
微路况,MjM5ODI3ODI4MA==,
华哥读报,MzIwNTAwOTcwMg==,
哎咆科技,MzAwNDIzMDQyNw==,
崩坏3,MzIzODIwNzYxNg==,
30秒懂车,MzI5MjAyNjM1OA==,
摩登小姐,MzU0NzQzMzM2Mg==,
930老友记,MjA3NDQ5Mjc0MQ==,
电影工厂,MzA4Mzk4MTgxMw==,
第五人格,MzU2MDAxNzE4MQ==,
脉脉养生,MzA3MTE4MjIxMg==,
粤蒲粤好玩,MzU4MjIyOTIxMw==,
为你读诗,MjM5NjU5NDkzMg==,
国学精粹与生活艺术,MzA4OTAzNjMzMQ==,
杭州本地宝,MzAwOTY1NTI5Ng==,
凯叔讲故事,MjM5NDEwNjUyNQ==,
睡前一起夜听,MzI2MDQ5NjYwMA==,
蝉创意,MzA3ODkxNzgzNg==,
环球旅行,MjM5MjEyOTEyMQ==,
世界时装之苑ELLE,MTY3OTM1NTY2MQ==,
私家车第一广播,MTA1NTc0MjE0MA==,
大潮网,MjM5MjI5OTExNA==,
天天看余杭,MzA5MzQ1MDIzNQ==,
潮人,MzI2MjkyNjk3Mg==,
一心问禅,MzU5NTgyNDQzMA==,
十点电影,MzAwNTA4MzA5Ng==,
湛江日报,MzU0NzY1MjI5OQ==,
美少女挖掘机,MzI5MDcwMTM0Ng==,
女儿派,MzU3OTE2ODYyMg==,
燕赵都市报,MzUxMjAxMjU0OQ==,
圈表哥,MzA4MTc4ODUwMg==,
北美省钱快报,MjM5NzA5MDcwMA==,
钛媒体,MjM5ODIzNTc2MA==,
圈内密探,MzA5MjQyNTY0Nw==,
意林,MjM5MDA1OTg4MA==,
大飙车,MzA4Mjc1NDcxOQ==,
科技每日推送,MjM5NzAwNzMyMA==,
中国证券报,MjM5MzMwNjM0MA==,
新加坡眼,MzU4NTU0MDgzOA==,
西安本地宝,MzI1NTE5NTM0NA==,
小片片说大片,MzI5NDgwMDMyNQ==,
柳州晚报,MjM5MDczMzcxNQ==,
四川交通广播,MTY3MTEyNzI4MQ==,
时尚临风,MjM5ODE5NzM0MA==,
全是黑科技,MzA4NjQ4MzU4OQ==,
认真少女颜九,MzI4MzMwODQ4MQ==,
崔玉涛的育学园,MzAxNzI0NDU1OQ==,
新华每日电讯,MzA3NzU3MjcxMA==,
全球健身指南,MzAxNDYzNzI0OQ==,
天津本地宝,MzAwNDE0ODI4Mg==,
小强热线,MzU0NDA2NDQ1Mw==,
陈老师圣贤文化,MzUzODk3NzA1Nw==,
车来了,MzA4MzUzOTc3OQ==,
网红揭底,MzIxMzEzNjk4Mw==,
好运哥2008,MzU5NDAxMTMxOA==,
窈窕妈妈,MzI5ODA4NTMyMA==,
考研政治徐涛,MzA4MDUwMzAxNA==,
游戏活动总汇,MzU5NzAzOTYzMA==,
世界华人周刊,MzU4MzY2MzgwNA==,
妈妈手册,MzA4NDYwMjQxMQ==,
安兔兔,MzA5NDI1MjA0Ng==,
清南师兄,MjM5NDAyNjU0MA==,
神婆八卦,MzAxMjU3MzcyNQ==,
Police,MzA4MjAyMTU3MA==,
柚子说球,MzIxOTI5NTk5MQ==,
浙电e家,MzI3ODA5MzgyMw==,
杂志之旅,MzUxMjk2NTE2NA==,
吉利汽车,MzA5NTUxMzEwMQ==,
beebee星球,MzI2NzIwMTA2NA==,
缘分天空,MzAwMTMwNDAyNw==,
证商阅读,Mzg4ODAxODM4Mw==,
爱折腾的壹休,MzAxNTg1MjU2NQ==,
张德芬空间,MjM5ODA3NzEyMA==,
良辰大叔,MjM5MTQzMzYyMA==,
有范爸妈读书会,MzUzMjk1NDQzOA==,
成都本地宝,MzA4NzA4MDY5OQ==,
简二家,MzU1OTQxNTcxMA==,
大米评测,MzAwODUwMzIzMw==,
网易公开课,MjM5MDA1Njk4MA==,
津云,MzU3MjQzMjA3Ng==,
谈心社,MzAwNjgyMjA1MA==,
有部电影,MzI3ODM3MDAzMQ==,
字媒体,MzI0NjAzNzcyMw==,
苏米的星座馆,MjM5ODI4MjE5Mg==,
有趣青年,MzU4MTUwMDgyMA==,
壹心理,MzA4NjI3OTY4Mg==,
老子微言V,MzU4NDAxNTQwMA==,
明星权力榜,MzAwMDEyNDQ2OA==,
大爱狗狗控,MzA4Mzk4NTUwMA==,
gogoDaily,MzA5MTIwOTY0NA==,
东邪西媚,MzU4NjEwMjM2Nw==,
不颓废青年,MzUyNzczNzk2NQ==,
舞帝娱乐在线,MzUxODY0NzYxMQ==,
肉叔电影,MzI5MDQ0ODEyMw==,
苏州交通广播,MjM5NzE3NjM4MQ==,
不打烊画社,MjM5NTU0MjM0MA==,
青塔,MzI5MjIwMzk1MQ==,
原来是西门大嫂,MzI1ODg3OTY5NA==,
商务范,MjM5OTY1MDMxMg==,
郑州本地宝,MzIyMjQyNTcyNw==,
第一财经,MjM5MTM3NTMwNA==,
卯叔,MzA3MDkzNjE0MQ==,
高考直通车,MjM5NjAwMzgwMA==,
最人物,Mzg2NTAyODE1MQ==,
教育,MzA4MDA5MDUxMA==,
1818黄金眼,MjM5Mjc5NDAzMw==,
e学堂,MzU5Njk1NDU2Nw==,
时尚青年,MzU1Mjc0MDUzNg==,
掌上巴彦淖尔,MjM5ODc2NjUwNA==,
桃红梨白,MzUzNDExNzE4Mw==,
行动派DreamList,MzU3NTc3MjMxMw==,
旅行雷达,MzA3NDQzMjQxOA==,
三三星球,MzI1NjY4NzM4NQ==,
摩登人类,MzU2ODczNjM5OA==,
小小包麻麻,MjM5NzQzNDU2MA==,
投资明道,MjM5NDcyNDAzNA==,
二更,MzAxODEyMjc5OA==,
海报时尚,MzI5Njg4NjQ2Nw==,
子鱼ziyu,MzA5NzgzMzU1OQ==,
青青第二课堂,MzU2Mjc2MTU1OA==,
潮库,MzAxNTI2MzM5Ng==,
圈圈说娱,MzI3NjM0NDMxNQ==,
周国平,MzAwNzMxODE2OA==,
XCin,MzI0NDY1NTYwOQ==,
经典流行好音乐,MzA3NjcxMTE0Mw==,
医学界,MjM5MDc3NjQwMA==,
drpei,MzA5NzE5ODIyOQ==,
安徽省教育招生考试院,MzIzNTc3MjUxNg==,
我们的东莞,MjM5MjAxMDYwMA==,
吃瓜有料,MzIzODcwMzQ1OQ==,
企退工友之声,MzIwNTc2NzY0OA==,
最江阴,MjM5NzQ4NjM4MA==,
懂球娘娘,MjM5OTc2MDY5NQ==,
迷你世界粉丝阵地,MzU2NjE1MDU5Mg==,
小警之家,MzAwNzMxMzUxMA==,
懂车,MzI1NzEwNDUxNQ==,
爱上早读,MzU5MjI2ODMzMA==,
德国优才计划,MjM5MDAxNzA2NA==,
阜阳新闻网,MjM5MjAxMzA2MA==,
壹读,OTE4MzAyODYx,
募格学术,MjM5MDAyMzQyMQ==,
最箴言,MzIzOTA1MTMyMQ==,
生活佳选,MzA5NzkyMzU5OQ==,
这里是美国,MjM5NDE1MDYyMQ==,
正和岛,MjM5ODAxODQ0MA==,
警界,MzA4ODMwNzM3OA==,
王炸炸要炸了,MzU1MzExMzA5OA==,
美少女颜究社,MzIxMzY4MDAxNg==,
绫梨,MzI3Njk4MzI4MA==,
亲子派,MzA3NzA5MDMyMg==,
闹闹女巫店,MjM5NzAzMzkyMA==,
Nancy时尚笔记,MzAwMTk4OTI0Mw==,
小北,MzI1MzAwODMyMQ==,
倾我们所能去生活,MzA3OTg3MjA5Nw==,
网易哒哒,MzI1MDAwNDY1NA==,
商业学府,MjM5MTY5MjYwMA==,
吐槽电影院,MzI2ODU3MzA4MQ==,
飞天鱼,MzI1MDE0MzIxNw==,
小十点,MzU1NDQxODYwMQ==,
正商参考,MzA4NDIyOTMxNw==,
妈妈网育儿,MjM5NzQ3OTQ0MA==,
美芽,MzAxMzAxNzM5NQ==,
TOPX潮流精选,MzIzNDgwMjAxNQ==,
最苏州,MzAxNzE2MzY3NA==,
Lady美人日记,MzAxNTY0NTQ3NA==,
英语口语,MjM5MTIzNTIwNA==,
创业邦,MjM5OTAzMjc4MA==,
为你写一个故事,MzA5MzAyMzE4Nw==,
腾讯新闻客户端,MTQ4NTQ0MDU4MQ==,
篮球技巧教学,MzAwNDMyMzI3Mg==,
弹弹妹,MzA4OTg5ODA2MA==,
沂蒙晚报,MzI2NDYwODE0NQ==,
黎兜兜,MzU0NTYyNDM1NQ==,
青木大叔,MzIzNzc5MDA5Mg==,
同车时代,MjM5NDQzODM4MQ==,
瓜圈异闻集,MzIzNzgyNTg2NA==,
刀锋2020,MzIyMDkxMjY3Mg==,
野鸡馆,MzU5NDM1MDE5Mw==,
成长树,MzAxNDAyNTUyMA==,
中国电信,MjM5NDkwOTU0MQ==,
青年大院,MzIwMTE2NTk1Ng==,
苏群,MzA4NzI1OTkzNQ==,
大众网聊城,MzA4OTY3MjQwNg==,
阿SIR,MzA4OTE0MTc4Mg==,
日食记,MzA3MDI2MjIzNw==,
富兰克林读书俱乐部,MzA4OTQxODczNA==,
易凯资本,MzI4MjA1OTcyMg==,"易凯资本新闻资讯发布官方平台"
人神共奋,Mzg5NDMyMDk2OQ==,"私募基金经理，财经专栏作家，虎嗅网2019年度十佳作者"
远川研究所,MzIwMDY2NTgwMA==,"整合全球视野，助力关键决策"
产品慎思录,MzI1ODQ2MjU3OQ==,"产品经理，分享自己的思考。"
晚点早知道,MzU0OTAwNjE4Nw==,"晚点团队出品，IPO 报道系列"
青芒财经,MzIxNzQzNjAzOQ==,"商业解读 科技锐评"
CBNData消费站,MzUyMDAxMjM1OQ==,"第一财经旗下消费自媒体，用最有趣的专业姿势看消费。"
营销有一套,MzI4MDQ1NDI4Nw==,"篇篇好案例，招招是绝招"
橙雨伞,MzU0NTEyMjI1Mg==,"橙雨伞，是一个关爱女性、赋能女性远离暴力的公益项目。 我们关注性别暴力尤其是针对女性的 暴力议题，并提供相关法律咨询和性别意识倡导，希望能让姑娘们拥有更美好的人生！"
凹凸镜DOC,MzIwMzU5NDI2NQ==,"从独立纪录片出发，打捞一切“非虚构”故事。"
经观新闻,MzA4OTcxODcyMg==,"推动中国和世界的商业文明与进步"
不是官话,MzIxMjE3MTQ0NA==,"体制中人的大实话"
TopMarketing,MjM5MjQxMDUxNA==,"TopMarketing——营销价值交流平台，以“创异营销思路、创新行业价值”为使命，探索泛娱乐时代与数字化浪潮下的营销新变革和新机遇，致力于为营销决策人员提供新锐信息参考，打造互动交流平台。"
豹变,MzI3OTEwMDQwNw==,"直抵核心。做最具穿透力、洞察力的商业观察，深度影响未来。"
蓝莓财经,MzA3OTk0MjcxMg==,"客观、深度的财经分析。 文章同步更新于今日头条、雪球、网易、百度、搜狐、艾瑞等30家网 站。 覆盖百万财经行业从业者，2018年财经行业十大自媒体。"
飞猪,MzAxNDMzNjU0Mg==,"飞猪全球游，全球FUN肆玩，越玩越过瘾。 每天分享旅行热点资讯，小众特色旅行生活，沿途风景以及地域风情，定期推送特价机票、酒店、旅游等促销信息。愿你在旅行的路上遇见更好的自己！"
展开讲讲编辑部,MjM5NTgwMjUyMw==,"「展开讲讲」是一档专题式讨论好内容的播客。"
读数一帜,MzU2MTc1OTE0OQ==,"读数一帜由《财经》杂志资本证券组创建。数说资本故事，解读财富密码。"
湾区经济评论,MjM5NTg2NzAxMw==,"为新一代决策者而生"
猛兽财经,Mzg3NTE4MTU3MQ==,"猛兽财经致力于让每一个不甘心的青年学会美股投资，体验在世界上最成熟最合规的市场里做世界头号公司股东的乐趣和刺激。让每一个青年有尊严、平等的方式获得自由。"
BT财经,MzA5OTg2NzA5Ng==,"独立财经媒体，截至2019年底，BT品牌-财经版块-海内外线上月阅读数≥5000万次"
深潮TechFlow,MzU2MTM3Nzg2OA==,"革新风气、引领浪潮。 深潮DeepFlow致力于做更深度的互联网金融行业媒体。"
影艺独舌,MzI5OTA0NzM3Ng==,"关于影像艺术最恰如其分的评价。"
新原理研究所,MzUyNjkyMjk4MA==,"启蒙之所"
FN商业,Mzg4NDE1MTI0Mw==,"FN商业——中国数字商业新媒体，服务中国商业创新！关注新消费、新科技、新金融，聚焦新智能、新模式、新商业，用“前端媒体+后端服务”的模式，为处在产业转型升级变革中的企业提供一站式媒体解决方案。"
正经社,MjM5MTkzMTUyNA==,"发现公司价值，解读财经大势，警示投资风险，提升收益确定性。"
B座12楼,MjM5MzYwNTI2MQ==,"关注创业和投资的互联网媒体-B12让创新得到赞赏。"
大佬说,MzA3NTgwNzc0NQ==,"十分受欢迎的意见领袖、名人言论平台，关注各行各业的大佬们的动态，聚焦商界领袖的智慧决策，深入研究行业精英的管理思维，分享行业巨头的各种经验心得。"
非非马FM,MzUzMjg5NzcwOA==,"写全球精彩女性故事，大量一手访问，聚焦女性成长&生活方式。非非马：而立之年赴英攻读电 影研究硕士，后为著名文化国企创建英国子公司并任总经理，现穿梭中英从事文化交流，伦敦设计双年展中国馆策划人、领英专栏作家、FT中文网特约撰稿。渴望同类相聚。"
vivo互联网技术,MzI4NjY4MTU5Nw==,"分享 vivo 互联网技术干货与沙龙活动，推荐最新行业动态与热门会议。"
扣舷独啸,MzIwMTg2MTM4OA==,"陈扬的公众号。悠然心会，妙处难与君说。一个做过广播电视报纸的老媒体人独力操持的、更有温度，更有态度，更有个人视角的全媒体生活杂志。尽挹西江，细斟北斗，万象为宾客。扣舷独啸，不知今夕何夕。"
运维派,MzI1OTcyODg1NQ==,"领先的IT运维社区，和运维同学们一起交流成长！"
findyi,MzA3MzA5MTU4NA==,"前360技术总监，现任土豆教育CTO，互联网从业11年的非典型码农，也是一名产品人。欢迎关注我的公号，一起成长。"
一起设计,MzA4MTE1ODQzOQ==,"设计人在线读物、专业制造设计灵感、设计更理想生活"
汽车周刊,MzIyNzQ1MDk0OQ==,"以轻松财经视角解读行业热点事件，主打独立话题策划，以中观和微观案例为分析工具，细节讲述是非，争当车圈小红书。"
36氪出海,MzI5OTM5NjE4MA==,"脱胎于中国领先的新商业媒体36氪，「36氪出海」将为大家一站式地提供出海的好内容，服务出海创投生态。"
远川研究所,MzU3OTQyOTg4NQ==,"整合全球视野，助力关键决策"
上海市民生活指南,MzAwNzAyNTE3MA==,"魔都生活不易，交关奇人趣事。 里弄新村，爷叔阿姨，菜场灶间，家长里短，浓油赤 酱，西式糕点……此地样样都讲。 满满正能量，一道来分享。"
独立播客,MzI4NTQ1MjE0OA==,"分享一些能够经得起时间考验的播客内容"
飞观App,MzU5MTU4NzkwNQ==,"飞观App | 商业和思想的视频严选订阅"
V电影movie,MzIyMTMzNzkxNw==,"V电影，一本高品质的影像杂志。专注于分享国内外精选短片，用最直观的方式让你大开眼界 。"
AI源创评论,MzI1NjQ0Mzc1Mw==,"AI 源创评论，呈现 AI 背后的开源技术创新和变革，力求深入、完整、全面地呈现技术先行 者的方法论与思考，发起 AI 源创会等活动，影响行业10万+的开发者。"
自言稚语,MzI4NjYzMjg4MA==,"我是Windy（雨令），探索人生哲学，追求自我成长的理性思考者，专注于心智成长和自我精进 。和我一起，由内而外地重构自己，获得自由富足的人生。"
险峰创,MzA5NTQ2ODM1NA==,"险峰，成就创造未来的年轻人。"
商业数据派,MzIzMTA2ODYyOA==,"数据洞察、商业万象。创始团队由前搜狐科技主编、十年资深媒体人，与商业策略分析师组成，信仰技术与商业结合的力量"
物质生活参考,MzIzOTcwNTY2NQ==,"多美好啊，这尘世的生活。"
Vistopia,MzU1Nzg1MzI0OA==,"看理想，继续“看见另一种可能”。"
观点,MzA5MzU3MDEwMA==,"观点（www.guandian.cn）向来以提供迅速、准确的房地产资讯与深度内容给房地产行业、金融资本 以及专业市场而享誉业内。"
凤凰财知道,MzUzNzExMTkzNg==,"凤凰财知道公号，中国三观最正的财经评论。每天都有热点财经事件的辛辣点评！"
新生活方式研究院,Mzg3MDI0MjI3Mw==,"“生活方式研究院”是国内首个生活方式领域跨界研究型平台，由“中国最新锐的生活方式周刊”——《新周刊》与北京大学文化资源研究中心在2010年联合发起，旨在通过系列课题研究，整合学界与社会资源，使之成为国内独树一帜的生活方式研究机构和话语平台。"
矽说,MzI4MzMxNTYxOQ==,"半导体行业深度解读"
邻章,MzAwNzM3Nzg0Ng==,"于此，见证科技互联网大时代。"
中华人民共和国应急管理部,MjM5OTI3MjI1MQ==,"组织编制国家应急总体预案和规划，指导各地区各部门应对突发事件工作。组织灾害救助体系建设，指导安全生产类、自然灾害类应急救援，承担国家应对特别重大灾害指挥部工作。负责安全生产综合监督管理和工矿商贸行业安全生产监督管理等。"
首席娱乐官,MzIxMDY4NDM3Mw==,"泛娱乐产业第一新媒体平台，聚焦影视、网生内容、音乐、二次元、VR、游戏、体育等细分领域。各大一线内容平台重点扶持优质账号。"
显微故事,MzA4MDMwNjcxNg==,"记录一切微小，但又重要的故事。"
导筒directube,MzI0NDgxMzg3Mw==,"关于导演的演讲、访谈，电影课，展映活动，文字著作等"
功夫UX,MzA5MjY0NzY2OQ==,"Tony - 目前在国内一线互联网公司工作，专栏作家、每周为你准备一篇大厂设计经验！"
腾讯FXD,MzU4NDU5ODgwNw==,"FXD(FCC用户体验设计)是一个有梦想、有创意、有极客精神的设计团队！我们充分发挥设计师的 创造力和行动力，为用户提供优质体验，为产品赋予更大价值。FXD服务的多款产品，涵盖了多终端工具、信息流、社区、新娱乐等类型 。"
五道口供应链研究院,MjM5ODc4Mzc0MA==,"五道口供应链研究院总部设在中国供应链之都深圳！多年来，研究院始终秉承挖掘事实真相，洞悉事物本质的研究理念和产业创新发展平台，供应链金融专业智库的发展定位，致力于产业供应链金融的创新理论开拓、应用技术研究及推广和咨询工作！"
链值,MzUwOTcxMzcxMA==,"链值：在这里，读懂区块链价值。"
健康中国,MjM5NjI2ODA4Mw==,"卫生健康信息发布"
深交所,MjM5MDA1Njg0Ng==,"支持中小企业，创造无限机会，推进自主创新，服务中国经济。"
叶檀楼市,MzU5MjcxNDk3Nw==,"聪明人，在一起，谈楼市。"
疯投圈,MzU5MDkzNzQzOA==,"播客节目，从投资视角讨论商业世界的现象和本质。"
坚守本分,MzAxMzg0NTU0Mg==,"永远保持平常心；坚持做正确的事情；力求把事情做正确"
墨腾创投,MzUzOTk2NDI1OA==,"墨腾创投总部位于新加坡，长期关注海外高速发展市场，利用强大的在地资源、执行经验和团队，孵化自有、合资或合作项目，同时制定方案协助海外市场探索者和投资者决策与落地。"
远川商业评论,MzUyMTk1ODkwOQ==,"有趣且瞎浪的软核财经"
芭莎电影,MzUyNTEyOTA5NQ==,"有关电影界的故事，电影人的背后！"
YYeTs人人影视,MzU1OTQ3MzQxMQ==,"YYeTs人人影视为国内知名字幕组，主要从事美剧、日剧、电影字幕翻译，给广大英语和美剧爱好者提供了一个学习交流和分享的平台。"
港股研究社,MzI3NjI2NzQ3Mg==,"专注研究港股的专业平台，资深港股投资人带你了解更多港股的重磅信息。想了解港股行情、港股开户、港股资讯、港股公司、敬请关注我们吧！"
日本旅游攻略,MzUxMjMxOTE0Nw==,"多年专注，所以专业！最新最全的日本前沿资讯情报站，您的随身日本旅行攻略手册！一站式日本主题定制，接待赴日游客超15万人次，满意度行业领先！"
为民午评,MzIwMDUwMDYyMQ==,"坚决不追高，韭菜变镰刀！"
Ayawawa,MzI3MzcxMDQ3Nw==,"情感作家，著有畅销书《完美关系的秘密》《聪明爱》等"
电动车公社,MzU4MTgwNzgzOQ==,"重新思考汽车"
财经戴老板,MzU5MzczNjc0NQ==,"有趣且深度的硬核财经"
GrayDesign,MzIzMjE4MTkwMQ==,"👆一线设计师都在关注的订阅号"
新域实验室,MzI4MTQ3NTk5OA==,"《中国经营报》新媒体原创团队出品，关注经济新区域、新流域、新领域。"
房东经济学,MzI4NzQ0NDE1OQ==,"一个有趣的经济观察者。"
浪潮新消费,Mzg3NjI5NjAxNw==,"记录新消费商业史，深度思考产业未来！"
枪稿,MzA5NTcxMDY1Ng==,"此处主要有电影评论、文娱时评、影视人物评传等，由国内各位一流影评人轮流执笔。创办者为《电影世界》《看电影》《大众电影》的几位前主编，经常自己就吵起来了。"
中国青年研究,MzAxNzE4NDU2NA==,"《中国青年研究》官方账号，本刊为国内外公开发行，共青团中央主管，中国青少年研究中心和中国青少年研究会主办，中文社会科学引文索引CSSCI来源期刊、全国中文核心期刊、中国人文社会科学核心期刊”、RCCSE中国权威学术期刊A+"
ToBeSaaS,MzU2ODcxNTMzNQ==,"“从生意的角度理解SaaS”。"
盖茨基金会,MzA3OTk3NTUxMw==,"比尔及梅琳达•盖茨基金会帐号，用于信息发布以及与关注公益慈善的伙伴们互动。盖茨基金 会秉承“所有生命价值平等”的理念，与合作伙伴们一起应对人类在健康与发展领域的挑战，致力于帮助人们实现健康而富有成效的生活。"
十里村,MzIzMTI2MTQyMg==,"关注电商、科技、新事物，偶尔分享生活。"
零售老板参考,MzIzNDYwMzM5Nw==,"新零售时代的专业媒体，定义新零售，为零售老板赋能"
地球人研究报告,MzI0MDExMTg4OQ==,"人类的世界有点难懂。"
经济观察网,MzIyMzYyOTk2OA==,"理性，建设性"
硬核看板,MzA3MzIxMDkzOA==,"网易新闻旗下栏目，让硬核的知识先发声。"
过载FM,MzA4NjU3OTAzNg==,"把耳朵还给大脑"
远川科技评论,MzU3MDkxNzczNw==,"饭统戴老板小伙伴们的科技后花园，用投资视角，扒巨头秘史，没有客气，只有硬核！"
没想到Daily,MzIzMzgzMTY5OA==,"没想到你是这样的品牌"
中国信用卡,MjM5MTI4OTQ3Ng==,"《中国信用卡》是由中国工商银行主管，《中国金融电脑》杂志社主办的专业期刊，创刊于1994年的《中国信用卡》伴随我国银行卡市场快速发展，逐渐成长为业界探究产业发展策略、交流业务管理经验、推进技术创新应用的平台。"
国泰君安证券研究,MzA5MzEwMDEzNQ==,"国泰君安研究所官方账号，每天一篇深度研报精华版与君分享"
播客一下,MzAwNjAyNDUyNA==,"领先的数字音频初创企业JustPod旗下公众号，探索中文播客的更多可能。"
大佬动向,MzIwMDYzOTk3Ng==,"最独特的财经视角，最深刻的财经分析，最有价值的财经资讯。"
栈外,Mzg2MjEyMDk0Mw==,"关注海外科技、创投、互联网资讯。"
NOWNESS现在,MzA3MzE3MjcyOA==,"NOWNESS集萃全球顶尖的创意短片，注重发掘叙事中的独特创意和体验，拥抱日常点滴中的新奇与不凡。"
缓缓说,MzI1NzA2NTc3MQ==,"一个“不务正业”的工科男，时代华语图书签约作者，做了一个有趣的，有用的，有温度的公众号。"
在人间living,MzI4ODc3ODYzMg==,"用冷静的叙述抵抗冰冷 | 凤凰网在人间工作室出品"
刷屏精选,MzA3MTY0ODAxNw==,"刷屏APP官微，用最清奇的姿势追热点，满足年轻人对世界的好奇心"
行业研究报告,MzU0OTM0MDkxMg==,"服务于财经领域，提供各行业研究报告。为金融人提供装逼素材，为韭菜们培训防割指南。实乃居家旅行，唬人越货之必备公众号！"
读库,MjM5OTM4MDY4MQ==,"我们把书做好，等您来发现。客服短信：13691356350"
justjavac,MzI0NTAyNjE0NQ==,"专注时下最新的Web技术，分享原创及翻译文章。"
李永乐老师,MzIwMzg0OTAyOQ==,"李永乐老师：北京大学物理与经济双学士，清华大学电子工程硕士研究生；北京市中学物理教师/物理竞赛教练。从教十年，培养清华北大学生200余人，国际奥赛、亚洲奥赛、国家奥赛金牌十余名。"
澎湃新闻评论,MzI0Mzg4NDY5NA==,"更多观点，更多解读——澎湃新闻出品"
人间像素,MzAwNjU0MjMyMw==,"我要采访一百种人间故事。"
视知TV,MzI3NjQyODUxNg==,"为你解释世界！"
并购汪,Mzg2MDI0OTIxNA==,"并购汪，添信并购，源自添信资本。添信业务涵盖：投资管理+并购交易+市场培训。"
盖饭故事TheStory,MzUyMzU4MTc0MA==,"冷眼看人间，心如火焰。"
盒饭财经,MzI3OTE4OTY2Ng==,"约会富洞见的商业思想，敲开具硬核的商业案例，还原有温度的商业人物"
第一导演,MzU1NzYwOTk5Mg==,"来这的导演，都敢说真话。"
凤凰网,MzU4NDQwMDk5OQ==,"凤凰网新闻中心官方公众号，第一时间呈现重磅事件，第一时间解读热门新闻。"
新民周刊,MTUzMDQzNjMwMQ==,"深度和角度——这就是我们能做的。"
灵兽,MzI1OTIyMTg0MQ==,"专注新零售，聚焦新消费。商业改变世界。你们负责改变世界，我们带你们改造商业。灵兽，零售消费行业头部新媒体平台，为商业原创报道而生。投稿及合作：lingshouke@126.com"
何加盐,Mzg4MDE1NjQzOA==,"一个专门研究牛人的牛人。"
IC实验室,Mzg2NjIzNjIxOA==,"从品牌看商业。"
Louis徐玮,MzIwNzU4NjYzNg==,"文科生摸爬滚打在硅谷。 FB工程师。 聊产品，道人生。"
猫财经,MzA4MDAwMjMxOA==,"给你有趣有料的上市公司资讯 weibo：http://e.weibo.com/maofinance"
求真实验室XLAB,MzU1NTIyNjc3OQ==,"求真实验室致力于为大家传递生活相关的科普知识，通过检测让大家更好了解身边的消费产品，远离商家套路！关注我们一起探索科技真相吧”( • ̀ω•́ )✧"
谷雨数据-腾讯新闻,MzU0Nzg4MTQ4MQ==,"腾讯新闻出品、谷雨工作室旗下栏目，聚焦数据新闻、数据报告。"
三个妈妈六个娃,MzI3Mzk3NjIzNw==,"三个北大妈妈，六个孩子的日常。育儿路上我们跟你一起吐槽、一起学习、一起越变越好。每天晚上，孩子睡了，世界静了，叨叨当妈那些事。"
IPO那点事,MzUzMTkwOTkzNw==,"格隆汇旗下公众号。IPO那点事（ID：ipopress），为您提供全球市场最深度、最全面的IPO解 读"
终结诈骗,MzI3MTA2MTk4NQ==,"反诈骗，关注这个就够了！"
DEX Group,MzIyNTgyNzEyNQ==,"一个小众而高端的全栈设计师社区。服务内容包括线下活动，设计游学，线上线下课程，设计 招聘，社群等等。"
车图腾,MzA3NjQ3OTAzMQ==,"中国最具影响力的汽车自媒体之一，专注有意思的干货汽车知识分享。创始人刘杰，笔名暮四先生、刘小闷，有10余年汽车媒体从业经验。PS：车图腾为上海腾爷文化创意工作室旗下媒体，谨防假冒。"
节点财经,MzI1ODgwMDk3OQ==,"专注IPO及上市公司深度解读"
单向历,MzAwOTM5NzUzMw==,"单向历，给时光以生命。"
朱小厮的博客,MzU0MzQ5MDA0Mw==,"著有畅销书：《深入理解Kafka》和《RabbitMQ实战指南》。公众号主要用来分享Java技术 栈、Golang技术栈、消息中间件（如Kafka、RabbitMQ）、存储、大数据以及通用型技术架构等相关的技术。"
马路青年,MzU4Njg0ODc1MQ==,"马路，中年少女的楷模，比男人更讲道理。"
北戴河桃罐头厂电影修士会,MzIyNDEyNzAzNQ==,"冷眼看片，大口吃桃"
YCombinator创业孵化器,MzI0OTU2NzMwNw==,"YC是全球最成功的创业加速器，致力于为初创企业提供全方位创业支持、推动技 术创新。已孵化近2000家公司（Airbnb、Dropbox等）总市值超1500亿美元。报名YC中国，我们用宝贵经验和有效的方法论，为你提供从0到1的加速服务。"
红星新闻,MzI3MTQzNjYxNw==,"成都传媒集团旗下的新媒体平台。在这里，你能看到锐度，体会深度，感受温度。"
图虫APP,MjM5MDAzNjg2MA==,"在这里，发现基于共同兴趣的同好，鼓励原创和分享精神。除了美好的摄影和技能，我们更在意 影像背后价值观的认同。"
小川叔,MjM5MDgwNzk0Nw==,"北漂老司机，职场萌大叔，跳槽、转行、自我管理，都能和你唠一唠。"
运营研究社服务号,MzU1OTAzMDUzNg==,"上运营社，学技能！超过20万的运营从业者在这里学习。"
敬汉卿jhq,MzI3MTAzMjQzOA==,"大家喜欢看敬汉卿视频的朋友可以在这边看到很多干货哦"
24氪金,MzU5NDAyMTcxMg==,"有温度有内涵"
人工智能前沿讲习,MzIzNjc0MTMwMA==,"领先的人工智能知识平台"
没药花园,MzUyNDgyMzIzNA==,"罪案分析"
进击波财经,MzUyNDkyMTQ1Ng==,"沈帅波的财经频道，一个有温度的财经号，与你一起进击。"
摩托车杂志,MzU4NDg4NTY5MQ==,"中国最大最权威的专业摩托车媒体，创刊于1985年。海量新车介绍、丰富的摩托车测评、精彩赛事报道、详细的摩旅策划、精美改装欣赏……这里是摩托车爱好者的乐园！"
哈哈哈哈哈哈哈,MzA5MjEwNjQ1NQ==,"爱情骗子"
一亩三分地Warald,MzA4NzM3MTkzNw==,"美国和加拿大留学申请、学习、就业、找工作、生活、移民等信息"
科学松鼠会,MjM5NTk1ODM4MQ==,"剥开科学的坚果，让科学流行起来。科学松鼠会唯一官方账号。"
前端外刊评论,MzAwNTAzMjcxNg==,"最新、最前沿的前端资讯，最有深入、最干前端相关的技术译文。"
新英文杂志,MzU4OTQ3OTk4OQ==,"听说每一个学霸都会关注新英文杂志"
掘金开发者社区,Mzg5NjAzMjI0NQ==,"掘金，一个帮助开发者成长的技术社区"
观人看世界,MzI5NDI2NTAxMA==,"传递认知，让你看到我眼中的世界。"
知乎,MTUzODMyMzcwMQ==,"绑定知乎帐号后回复感兴趣的关键词，就能立刻阅读来自知乎的精彩内容，例如「刘看山」，现在就去试试吧 >◡<"
知识星球精选,MzA5MTcxMjUzMw==,"知识星球（原小密圈）官方订阅号，深度精选付费内容与优质精华。"
BYVoid,MzIxMDAyODM1Mw==,"BYVoid個人平臺"
刘晓博说财经,MzU0Nzk1MzU1NA==,"原创的财经评论，独立的观察视角，深度的市场剖析。"
财经连环话,MzIxMzAxNjMzOA==,"凤凰财经金牌栏目，一张图看懂财经万象，专业财经，轻松看懂。唯一正牌官方号。"
AINLP,MjM5ODkzMzMwMQ==,"一个有趣有AI的自然语言处理社区：关注AI、NLP、机器学习、推荐系统、计算广告等相关技术。公众号可直接对话双语聊天机器人，尝试自动对联、作诗机、藏头诗生成器，调戏夸夸机器人、彩虹屁生成器，使用中英翻译，查询相似词，测试NLP相关工具包。"
阿里巴巴中间件,MzU4NzU0MDIzOQ==,"Aliware阿里巴巴中间件官方账号"
航通社,MjM5Mjg1ODIxMQ==,"你应该知道的历史、现在和未来 | lishuhang.me | @lishuhang"
BIE别的女孩,MzUyMDkyNjQ3MA==,"about girls, by girls, for everyone."
互联网怪盗团,MzIxMDgyMTM0NQ==,"互联网行业研究及观察者。重度焦虑，PTSD患者。不需要详细的自我介绍。"
深几度,MzA4MTM5NDc3NQ==,"前南都、中经记者，光杆司令、文字民工，相信层次和灰度。关注科技公司和互联网现象。"
倪叔的思考暗时间,MjM5OTk4ODUwMw==,"一个爱说真话的科技公号；倪叔，一个习惯犀利，不要附和的互联网观察者"
一天一篇经济学人,MzU1MDQwNTgzMg==,"每周定期更新TE，工作日每天翻译一篇经济学人，坚持成为习惯，习惯成为自然。"
黑凤梨实验室,MjM5NTUxOTg2MA==,"一位拥有独立审美的理智女青年"
东西文娱,MzAwNDk2NDc5OQ==,"“Glocal”视角的文娱观察，“价值”导向的文娱分析"
冷热军事史,MzIxNDExODE1Mg==,"金戈铁马、炮声隆隆，权力角逐、文明兴衰。"
瑞丽伊人风尚,MjM5MjA3ODA3Mg==,"优雅的时装精，平和的职场人，愉悦的生活家。漫漫通勤路，伊人作伴。"
钱塘大数据,MzI0MzE5MTgzMw==,"科技质感，文化温度，艺术魅力。 钱塘数据，一个有内容的公众号，拇指代眼阅读时代，很 高兴与你相遇。"
爱奇艺奇点,MjM5NjYyNTU0OQ==,"爱奇艺营销中心官方公众账号，更好地为我们的客户及商业合作伙伴提供快速高效服务。"
外交部发言人办公室,MzU1OTM1MjIxNA==,"官方发布中国外交政策，权威阐释中国立场态度"
涂敢敢,MzU0NDk1MzkxNQ==,"一个专注于挖掘平价中爱马仕的时尚号！"
橙皮书,MzA4MzE1MzQ3MA==,"Decrypt cryptonetwork"
快刀财经,MzU3Mzg0ODcxNQ==,"欢迎关注这个洞察商业真相的公号。快刀财经，商业快媒体、思维孵化器、价值试验场和洗欲中心。"
索尼影像圈,MzIxNDA4NTg3NA==,"欢迎关注索尼影像圈订阅号，本订阅号是索尼中国官方运营的数码影像产品讯息发布平台。在这里您可以收到关于索尼数码影像产品相关的介绍，评测，以及相关的摄影技巧和摄影文化。"
咚咚找房,MjM5NTk0MzczNA==,"楼评、数据、干货。咚咚找房，让深圳人买房更轻松。"
玩转VS Code,MzU1NjgwNTExNQ==,"Visual Studio Code的最新资讯，热门文章，使用技巧，插件推荐，插件开发攻略等，全部 都可以在这里找到。带你玩转VSCode！"
知音真实故事,MzI3Mzc0MjExNA==,"每一个故事都来自亲历者的灵魂深处！"
车东西,MjM5ODgxNTk4Mw==,"未来汽车看这里。"
易趣财经,Mzg2MzAzODk2NA==,"易趣传媒旗下最具影响力的原创金融新媒体，简单-有趣，讲一个好的财经故事。"
乌鸦预告片,MzI0MTM2MTA4Mg==,"专注电影预告"
圆首金老汉,MzAwNTcxMTE0Mg==,"他本该是个优秀的混混，可惜后来读了点书"
AlibabaDesign,MzI5NDI3MDI0NQ==,"这是一个充满魅力的组织，是一群疯狂热爱用户体验的家伙；这里有国际音乐家、有舞者 、游戏玩家、摄影师以及各个领域的爱好者；我们坚信，创新、设计、技术和客户第一的价值观粘合在一起，一定会创造出我们为之疯狂的用户体验！"
城市漫游计划,MjM5MDM2NTg2OA==,"一只猫的城市漫游"
互联派,MzI1ODc4MzMwMQ==,"互联派是大学生必备互联网求职平台。提供校招、实习、内推、互联网知识等优质内容。"
腾讯媒体研究院,MzIzNzYwMzM3Ng==,"腾讯媒体研究院深耕媒体行业，探索媒体前沿趋势研究与实践落地，与内容生产伙伴砥砺前行。 旗下设有课程体系（腾讯芒种特训营）、顾问智库、行业研究和产业赋能共四大体系。"
春哥解惑,MzI5NjAzMzY1MQ==,"春哥解惑研究院由前淘宝小二春哥创办，目前已经有热爱分享的淘大讲师280多位，实操派的运 营大牛70多位，淘系小二10多位加入春哥解惑研究院。每周2场的电商干货实操技巧分享，为电商人工作生活提供zui好的圈子。"
市井财经,MzU1MDAwODA3Mg==,"夜里想起千条路，清早起来卖豆腐。"
徐三刀评楼市,MzIwMzAxMDQ5NA==,"重新认知房地产"
环球音乐榜,MjM5NDEwMTc0MA==,"全世界的好歌都在这儿"
K社,MzA3NzQ0OTQ1MQ==,"年 轻 人 的 剧 集 地!"
芯榜,MzAxMDg3NTE2OQ==,"芯榜 — 中国芯片排行榜，用大数据理解半导体行业。（www.icrank.cn ）芯片半导体集成电路IC微电子元器件晶圆排名榜单，服务芯片圈半导体圈中国半导体论坛社区"
火星财经,MzUxMTcwNDQzMA==,"火星财经（Mars Finance） 以激励人人创造价值及分享价值为理念， 面向区块链从业者及数字资产投资者， 通过专业提供资讯、 社区、 知识分享、 行情、 投顾、 资管等产品及服务， 打造开放、 可信赖的新一代信息及金融服务平台。"
财经女记者部落,MjM5NzA0NzY5NA==,"160位叽叽喳喳爱聊新闻和时尚的财经女记者。160位可爱迷人的财经女记者。160位正义 的女记者……"
君君电影院,MzI0ODE4MDE2OA==,"分享最新电影和影视资讯，免费电影票，免费影片都有哦"
北京楼市情报,MzU5ODM5MTk4NA==,"北京专业的房地产新媒体平台，北京房价、楼盘优惠、楼市资讯信息发布中心,为购房者看 房、买房、投资置业提供服务和决策参考."
广州楼市情报,MzI5MzU0MzgwNw==,"广州专业的房地产新媒体平台，广州房价、楼盘优惠、楼市资讯信息发布中心,为购房者看 房、买房、投资置业提供服务和决策参考."
特斯拉Tesla,MzA5MTMxODYxNA==,"Tesla（特斯拉）中国官方公众号"
Ricepanda,MzIyMzY0MjI5Nw==,"英语，读书，成长"
42号车库,MjM5NTIyMjA2MQ==,"最懂智能电动汽车的汽车新媒体。联系邮箱：hello@42how.com"
最右app,MzU2NzA5Mzk0Ng==,"最右app"
Readhub,MzIwOTc1NzM5MA==,"无码科技旗下科技资讯聚合阅读工具。"
同花顺财经,MjM5MTk3NTc2MA==,"【同花顺财经推出微信查行情 1秒查行情 查资金 诊股票】发送“股票或基金代码、简称或股票首字母”查询最新行情，发送“股票+资金流”查询资金流向，发送“000001好不好、怎么样、诊股“问诊股票。"
西部城事,MzUyNzA1MTk3MA==,"探寻西部经济、文化、历史脉络，在西部读懂中国城事"
电影杂志 MOVIE,MjM5MTEwODg4OA==,"国内唯一的一个与电影相关的时尚、艺术、生活类原创新媒体，让读者跟着电影和明星们感受高品质的吃、喝、玩、乐。"
当代电影杂志,MzAxMjI0OTc2OQ==,"关注国内外电影历史、现状和未来。理论分析、专业评论、深度对话。电影理论、评论，电影创作、产业，学者、创作者、学生和电影爱好者，共有的平台。"
有毒财经社,MzI0MTU0MzgwMA==,"有毒财经，小心上瘾"
7点5度,MzU5NTIzMTg1MQ==,"【7点5度】以一手数据零偏差解读东南亚创投市场。为中国投资者和创新企业提供全视角动态东南亚市场情报。"
36氪出海,MzU5NTY4NjI2NQ==,"脱胎于中国领先的新商业媒体36氪，「36氪出海」将为大家一站式地提供出海的好内容，服务出海创投生态。"
嬉游,MjM5MTM2Mjk4MQ==,"关注嬉游，用积分、里程、信用卡更聪明的去旅行。"
燃财经,MzU5MzU2ODE0NA==,"每天一篇深度报道，重新定义创新经济。"
FIX字幕侠,MzU4MzA3ODMxMg==,"FIX字幕侠官方公众号"
生信菜鸟团,MzUzMTEwODk0Ng==,"生信菜鸟团荣誉归来，让所有想分析生物信息学数据的小伙伴找到归属，你值得拥有！"
VR陀螺,MzAxMDc4NjI0NA==,"VR陀螺，是游戏陀螺旗下关注VR/AR的产业新媒体，在这里我们会持续分享新闻报道、专栏文章、 行业报告等，欢迎业内志同道合者一起交流分享。"
半糖,MzAwNjE4ODI1Mw==,"帮你发掘自身的美，给你最简单的时尚解决方案。"
期货日报,MjM5NzM3MjU1Mg==,"《期货日报》创刊于1994年9月，是唯一一家全面反映国内外期货市场发展动态的专业日报，是 中国期货市场权威的新闻中心和信息载体，肩负着维护和促进整个行业健康发展的重要使命。多年来，《期货日报》与中国期货市场风雨同舟，形成了密不可分的关系。"
证监会发布,MzA4NzAzMDgwMw==,"维护市场公开、公平、公正，维护投资者特别是中小投资者合法权益，促进资本市场健康发展。"
新浪财经,MzA4NTc3MDYyOQ==,"新浪财经提供7*24小时财经资讯及全球金融市场报价,覆盖股票、债券、基金、期货、信托、理 财、管理等多种面向个人和企业的服务。"
捕手志,MzUyMjA1MDQ0NA==,"聚焦新商业思想与实践，对话更有腔调的捕手。"
GGV纪源资本,MjM5MTk3NTYyMA==,"不止是VC。"
汽车志,MzU4ODgzNTg5OA==,"盖车旗下媒体，参与、沟通、记录中国汽车时代。"
电影情报处,MzU1ODM4NjE0NQ==,"票房预测，行业分析，深度垂直电影行业"
娱情实验室,MzI2NTUwODA5OA==,"我们是娱乐圈的行动派！真的假的、大红的小众的，全都试给你看！"
青年横财发展会,Mzg5MjAxNTI0Mw==,"都市青年趣味泛财经读物"
三言财经,MzU2ODcwMDY2NA==,"提供新科技、新消费、新未来的前沿资讯，一手消息及深度分析，严肃又活泼。"
记忆承载3,MzU3NDc5Nzc0NQ==,"像说相声一样说人生。"
苏宁金融研究院,MzAwOTc2MDg0Ng==,"提供专业培训、转型咨询、金融科技输出等服务，欢迎留言接洽~"
子弹财经,MjM5NDQ5MjAzOQ==,"「子弹财经」致力深度挖掘热点事件、人物、创业故事等，我们期待与您一同持续关注互联网时代的商业变革。"
星球商业评论,MzU3MzgxMjI2Ng==,"星球之上无新事"
努力的Lorre,MzAwMjEyMjI1MQ==,"漫威DC入门指南，科幻动作电影爱好者"
Jingdata,MzIwNzA5MzY1Nw==,"一站式金融数据研究服务平台"
湿在人为,MzA4OTc5ODc3Nw==,"喜欢研究性学心理学，做过安全套，练过拳击打过比赛，不想当大V的拳手不是好教练！| 引领 新一代直男进化，塑造良性的两性关系！"
商业观察家,MjM5NzI3ODMzOQ==,"投资消费零售，必看《商业观察家》。2016年今日头条财经百强。中国商业联合会专家委员。"
知乎实验室,MzUyMTMyNTQzMA==,"每日精选有趣有料的知乎精华，尝试观察与研究每一个「你」，收获更多的认知与理解。"
八大洲旅游资讯,MzA4Njc5MzM3NA==,"提供蜜月、家庭度假、私人旅行定制服务，目的地遍布全球，以提供优质的度假服务、注重顾客的度假感受著称。是2014~2016年《胡润百富》评选的“中国大陆十大出境游奢华旅行社”、2015~2016年《悦游》读者之选“中国十大高端旅行社”。"
中国消费者报,MjM5MjAzMTk0NA==,"国家市场监督管理总局主管 中国消费者协会主办 传递消费领域权威声音！"
游戏时光VGtime,MzA3MzM1OTU3NQ==,"专业、严谨、有趣，『游戏时光VGtime』由一群热爱游戏的新老玩家组成，把关于电视游戏的一切分享给大家。"
毒眸,MzI5MTc0MDYxNA==,"看透娱乐，死磕真相"
3号厅检票员工,MzIyNzQ3ODU3OQ==,"帮你捅破电影和生活的最后一层窗户纸。"
冲浪普拉斯,MzU1OTgyMzQzNw==,"互联网版の故事会，创投圈の厕所读物。"
破词儿,MzU0NjE1NTc3NA==,"我们与电影有过床笫之欢"
吴阳出品,MzAxMDY1NTU4NQ==,"更多科技资讯，尽在「吴阳出品」。如需商业合作，请邮件：253984689@qq.com，会及时回复。"
故事FM,MzI5NzY4MzkzOA==,"欢迎收听故事FM。在这里，我们用你的声音，讲述你的故事。每周一、三、五，各平台同步更新。"
禅与宇宙维修艺术,MzA5Nzk4MDMxMg==,"To see the world, things dangerous to come to, to see behind walls, draw closer, to find each other, and to feel."
正解局,MjM5MTU3Mzk2OA==,"穿透信息迷雾，正解中国成长的力量。"
腾讯动漫官方,MjM5Mzk3MDQ2MA==,"抢鲜阅读漫画，获知动漫资讯。我们一起，遇见不一样的世界！"
孙立平社会观察,MzIyNjgzNTc0NQ==,"一个即将退休老头对世间万象的粗浅看法"
如是金融研究院,MjM5OTY4ODg4NA==,"如是金融研究院是由青年经济学家管清友博士发起创办，多家知名上市公司、金融机构、互联网平台共同支持成立的独立第三方金融资本研究平台。引领新中产财富成长、加速新民企资本成长和推动新城镇金融发展，让每个人享受金融研究的价值。"
亚马逊全球开店,MzIwOTA3MDcxOA==,"亚马逊全球开店官方公众号，致力于为中国跨境卖家提供最新，最全亚马逊全球开店资讯，运营干货分享及开店支持。"
月风投资笔记,MzA4NjkwODE3Nw==,"——让我们一起慢慢看清这个世界。——        “80后最具潜力私募基金经理”、央视财经频道特约评论员、前大型保险资管投资经理的吴悦风开设的投资研究分享平台。不代表供职机构的观点，不构成对任何投资者操作决策建议。"
国务院公报,MjM5MDM3NzY3NQ==,"国务院公布的行政法规和决定、命令等文件；国务院批准的有关机构调整、行政区划变动和人事任免的决定；国务院各部门公布的重要规章和文件；国务院领导同志批准登载的其他重要文件。"
华麦,MzA3MjgzNzMzOA==,"华 麦 连接和整合中国各主要省市、一带一路沿线各国及其他重要海外国家和地区的顶尖律所及律师，共同打造全球顶尖法律生态共享平台。"
文化产业评论,MjM5ODc1NDI4MA==,"中国文化产业价值分享及综合服务平台"
译象TransEle,MzA4NTA2NzYxOA==,"译象，与你分享有关翻译的大事小事~"
卢瑟经济学之安生杂谈,MzIwNTM2NTMyNw==,"星火燎原"
非著名程序员,MjM5NDkxMTgyNw==,"关注我（微博@涩郎），我与你闲扯技术大话，笑谈科技人生。上谈技术，下论产品，以幽 默诙谐的态度，面对乏味无聊的技术，用扯淡的方式，分享产品的内涵。谈的是技术，是产品，更是我们的人生。做东半球最会思考，最有味道的互联网公众号。"
GitHub精选,MzA3MzE4ODY0Mg==,"「GitHub精选」每天为您推荐精心挑选的 GitHub 上的开源项目以及与 GitHub 相关的一切有趣，好玩的东西和产品。"
XBOX早知道,MzA3MzAxNDA2OA==,"专业的XBOX游戏及行业动态，帮助广大玩家更好的了解XBOXONE主机软硬件、游戏及应用。"
德勤Deloitte,MjM5Mjc3ODIzMA==,"德勤企业咨询(上海)有限公司为中国本地和在华的跨国及高增长企业客户提供量身定制的一站式管理咨询服务、最新研究和活动信息，为客户持续创造价值。"
国家税务总局,MzA5MjYzNDUwNw==,"本账号由国家税务总局新闻宣传办公室提供。"
云栖社区,MzI0NTE4NjA0OQ==,"云栖社区是由阿里云负责运营、阿里巴巴技术协会和阿里巴巴集团各技术团队提供内容支持的开放式技术社区。"
科学大院,MzI3MzE3OTI0Mw==,"中国科学院官方科普平台。前沿、权威、有趣、有料。"
中国科普博览,MjM5MTA3MDY3Mg==,"中国科学院网络化科学传播平台门户"
企鹅科学,MjM5NDI2MjM2MA==,"欢迎来到“企鹅科学”! 全民娱乐的时代我们要给你吹来科学的清风，在这里你将看到前沿的科学技术，热点的科学新闻，绚烂的科幻世界。来吧！和我们一起荡起科学的双桨！"
港漂圈,MjM5MjAzMTA2MA==,"在香港,有问题找港漂圈."
会火,MzI1Mzc4NTYwMA==,"关八升级成会火啦！我们这次加V了，千万不要再加错啦！"
经济杂志,MjM5NzA4ODY2MA==,"《经济》杂志系经济日报主管、主办，是依据中华人民共和国法律成立并持续经营的国有企业。1999年创刊，定位于“发现商业价值、关注未来经济”。"
雷科技,MjM5MTg5NTU0MQ==,"聚焦科技与生活"
东风啄木,MjM5NDkxODI2NA==,"财经创作者，生活经济学研究员。"
时代周报,MjM5MjEyODE4MA==,"记录大时代，深读全商业。"
设计癖,MjM5ODAxMjQ4MA==,"关注设计癖，发现好设计~"
记忆承载,MzU0MjYwNDU2Mw==,"本号抱着说相声的态度，专说实话。请带着去德云社的心态来看本号的文章。"
有赞coder,MzAxOTY5MDMxNA==,"有赞技术官方公众号，推广有赞技术干货，偶有有赞技术小哥哥小姐姐们的日常"
大摩财经,MzI2MTE3NzUxOA==,"关注资本市场人与事"
晨兴资本Morningside,Mzg3MzAwNzcwMw==,"晨兴资本是中国最早从事早期风险投资的机构之一，我们寻找、支持、激励孤独的 创业者，且共享他们卓越的远见，为其提供我们的洞察力、行业经验，以及在创业中从精神到所有经营运作的支持。Morningside,on YOUR side!"
PingCAP,MzI3NDIxNTQyOQ==,"PingCAP 专注于新型分布式数据库的研发，是知名开源数据库 TiDB（GitHub 总计 18000+ stars）背后的团队，总部设在北京，是国内开源的新型分布式关系型数据库公司、国内领先的大数据技术和解决方案提供商。"
新浪港股,MzAwMDcwOTY1OA==,"您好！欢迎关注新浪港股。我们拥有港股免费实时行情，提供齐全资讯和数据，港股投资者、上市公司、机构和分析师齐聚一堂。订阅我们，离财富近一点，再近一点！"
青年记者,MjM5MDUyOTM0MQ==,"新闻传播研究杂志，1942年创刊，全国中文核心期刊"
每经影视,MzIyOTQ5NzUyNw==,"第三只眼看文创。《每日经济新闻》新文化部专属新媒体平台，专注大文创领域“公司+人物+产业+资本”的理性观察与深度思考。"
克韩,MzA3NTE1OTk1Nw==,"有关足球的一切有趣话题"
采铜的创想世界,MzA4OTI1MDk0OA==,"我是采铜，一个平稳写字的人，一个喜欢思考的人。 （开白名单均为单勾，目前不接广 告）"
前端你别闹,MzI5ODM3MjcxNQ==,"1. 我最帅、2. web前端根本不属于地球！3. 评论区全是段子手！"
日谈公园,MzIyNTU3MTEwNw==,"“日谈公园”是一个好玩又有料的播客节目，“2016年Apple官方最佳播客”得主，2018年获得 苹果官网C位重点推荐，在全网创造了行业领先的播放数据。畅谈影视、音乐、动漫、旅行、喜剧等青年文化话题。"
Tech星球,MzU5MTczNjIyNA==,"36氪旗下品牌媒体，聚焦互联网前沿科技和新商业。"
不会画出版社,MzUzMjk1MDM1NQ==,"立志成为较“好看”的公众号。"
微信公开课,MjM5NTE4Njc4NQ==,"“微信公开课”是微信官方、行业合作伙伴、主流媒体的最佳沟通平台。公开召集，免费授课，欢迎关注和参与！"
CVer,MzUxNjcxMjQxNg==,"一个专注侃侃计算机视觉方向的公众号。计算机视觉、图像处理、机器学习、深度学习、C/C++、Python、诗和远方等。"
开发者技术前线,MzIyMjQ0MTU0NA==,"专注大前端，Java和 Python。从技术，到人生"
锌财经,MzU2NzAxOTY3NQ==,"新商业的记录者，新经济的推动者。"
稿事编辑部,MzUzNjI0NTgwNA==,"春风十里不如你来稿  投稿邮箱：major_ent@163.com"
中国日报网,MzA4MDk3NjYzMQ==,"传播中国，影响世界。中国日报网中文网，全球资讯专家，为您提供中国最精粹的国际化资讯服务。"
史蒂芬的专栏,MzI0NjYxMTgyOQ==,"知乎职场、英语领域17万赞，32万收藏答主。主攻商务英语、行业职场内幕。"
范德依彪,MjM5NDc1MjQ2NA==,"极致趋势投资者"
小林,MjM5NzgxMDk1Mg==,"小林的摄影-画画-书法-文字"
人民路56号,MzU0Mjk2NDc4Ng==,"相信时间的价值！"
艾橙互动,MzUxNTEzMzc1Mw==,"让数字生活更快乐！"
腾讯CDC体验设计,MjM5NjA1NzEwMA==,""
呦呦鹿鸣,MjM5ODAzNTc2NA==,"日拱一卒，只为苍生说人话；硬核作者，““每天一千字”发起人。打理人黄志杰，曾任新华社《瞭望东方周刊》主笔、《网络传播》执行主编、无界新闻执行主编。"
携程攻略社区,MjM5MDAxMTY0NA==,"探索品质旅行与生活之美，环球旅行/五星酒店/高端美食免费品鉴机会。微博@携程攻略社 区"
大象IPO,MzA3NzAwOTQyOQ==,"（原名：前瞻IPO），是大象投顾（原：前瞻投顾）旗下的IPO原创资讯平台，中国领先的IPO咨询机构。"
星佳是个小人物,MzA5ODQwMDgwOA==,"资深深吹一家人，爱米和星佳，希望更多像我们这样的小镇青年的普通家庭可以在一线城市安家立业，享受深圳发展的巨额红利，守住家族财富…"
政知见,MzA5NTY5MzUxMQ==,"我们提供离你最近的时政新闻、最通俗易懂的时政新闻解读、最有趣味有温度的新闻故事。"
社会学了没,MzA4OTUxOTIyNw==,"社会有学问，一个有趣、专业、接地气的泛社会兴趣社区。今天，你社会学了没？"
西西弗书店,MjM5NTA3NzQwMA==,"西西弗书店是一家推动大众精品阅读的连锁书店体系，目前拥有覆盖60多城的200多家连锁店 ，致力于参与构成本地精神生活。名称缘于西西弗神话，取其坚韧不拔的含义。西西弗文化传播旗下品牌包含西西弗书店、矢量咖啡、不二生活、七十二阅听课、推石文化等"
有间大学,MzU2MDAzNzY1Mg==,"这是一个非三好学生联盟：好玩的榜单，好听的故事，好毒的吐槽。"
读娱,MjM5MDAwMzk4Mw==,"我们是“读娱”，泛娱乐商业一线媒体，2017年泛娱乐十大新媒体机构；2017新浪创事记年度机构作者；2018年度最佳文娱新媒体（百新主编）——聚焦“娱乐+互联网+商业”，解读不一样的影视、音乐、动漫、体育、游戏、VRAR等领域。"
我爱问帅张,MzU3OTQ3ODMxMw==,"无所不知，无所不答。"
它的票圈,Mzg2MTAwNzUwNQ==,"我为我的幻灭而举杯"
运营公举小磊磊,MzI5NTE3Nzg2Mw==,"15万新媒体人关注的运营学习平台，200万字原创运营知识、思维逻辑、商业评论、帮助 新媒体人成长www.yygjxll.cn"
扫黄打非,MjM5NDEyMjM4OQ==,"发布全国“扫黄打非”信息动态、行业知识等；提供图书CIP查询、媒体机构查询、新闻记者数 据查询等服务；提供网上举报服务"
Odaily,MzU5MDU2MzIzOQ==,"星球日报Odaily是一家权威区块链行业媒体。致力于客观求是，助力行业发展，将新闻资讯、数据行情、技术解读、独家深度一网打尽。"
首席人物观,MzA5NjczMDIyOA==,"纵观TMT风云人物，读懂时代商业逻辑。"
新一线城市研究所,MzA3MjIzMzg0Mw==,"新一线城市研究所，是《第一财经周刊》旗下城市数据新闻项目，致力于集结城市商业数据，用新鲜视角分析、探究城市未来，为城市管理者、城市开拓者、城市人提供丰富有趣、有价值的数据内容和数据服务。"
运营研究社,MzU4MTcxODM2MA==,"不让运营人孤寂地成长！我们是国内最大的运营从业者社群，40万运营人都在关注本号。回复关键词“精品”，我们送你155个运营必看的干货。"
刀姐doris,MzUxNTk5NjY5Mg==,"女子刀法（BUSINESS OF WOMEN）旗下，有趣又有料的她经济深度观察媒体。"
北青深一度,MzU2MzQzOTg1Nw==,"北京青年报深度报道部官方公众号。提供更深一度，更快一步的时事新闻资讯，守望变革中国的纵深阅读。"
新片场,MzA3MTIxNzIzNQ==,"专注于视频创作的社群媒体。用作品打动世界！www.xinpianchang.com"
全天候科技,MzU3MjA5NDM5OQ==,"全天候科技是一家原创科技新媒体，致力于为用户提供专业、快速、完整的科技商业资讯，帮助投资者理解科技。"
央视网,MjM5NzI1MTY0MQ==,"央视网是中国网络电视台旗下互联网站业务，也是中央重点新闻网站，以视频为特色，以互动和移动服务为基础，以特色产品和独家观点为核心，面向全球、多终端、立体化的新闻信息共享平台。"
点拾投资,MzA4OTIwMTEzMQ==,"我们专注于中美市场的研究，特别是对于美国成熟市场的研究对国内的借鉴意义。包括投资理念和框架，互联网以及消费品行业。希望我们的研究给大家带来帮助。"
万小刀,MzIyMzI4OTA5Mw==,"我爱国，别封我，谢谢！"
中国城市中心,MzA4MTA1MjkzNg==,"城镇化、宏观政策、城市发展、城市管理、城市规划方面的资讯"
城市战争,MzA3NjU2MzQ3OQ==,"孙不熟的城市研究，陪你发现全球机遇之城"
21CTO,MjM5NTg2NTU0Ng==,"21CTO(21CTO.com)是高质量、个性化的技术社区，顶级技术专家的社交平台。连接人与知识，提供 领先的技术，课程、工具及战略，创造未来所需的价值服务。"
狐度工作室,MzA5NjczMTQ5NA==,"紧随日常新闻报道，快速反应，以新颖的观点解释新闻的意义，阐释时事的指向，设置议题，推动讨论。"
海贼记,MzA5MTExMzA5Mg==,"与D姐一起追海贼王！每天更新《海贼王》最新漫画、福利壁纸、精彩分析！"
西二旗生活指北,MzI3MzM2ODMzOQ==,"中国互联网の首席人类观察员。"
全民较真,MzI4ODExNDkwNQ==,"查真假，用腾讯较真！"
澄泓财经,MzIyMDE0ODY3Nw==,"在这里发现原创的最有价值的投资建议"
蹦迪班长,MzU4NjQ0MDUwMg==,"复古青年们，Just Beng It！"
一颗财丸,MzIwNjAyNDAxMQ==,"平凡生活里，想和你做一场关于精神自由、财富自由的英雄梦。"
国馆读书,MzI4OTYzMDM5Ng==,"身体和灵魂，总有一个要在路上。每晚9点，伴你读书。"
知中,MzIzNDc4NTMzMg==,"有关东方中国的一切，探索中国的首选。为有思考力兼具行动力的中国青年一代，以及对中国有兴趣的任何其他国家和地区的受众，提供有关中国人文、地理、科技、艺术、商业、社会、文化等一切重要议题内容的消费。"
房十二,MzA5NjU1OTE0Nw==,"房不要太多，十二套就好。"
财经无忌,MzUyMzk2MDA0MA==,"解读时代语境下的商业故事。"
吃瓜星球,MzAwMTM0MDIxNA==,"一个维持住了高级趣味的号"
冰川思享号,MzI1MjcwNzExMg==,"汇聚思想，分享锐见"
金融八卦女频道,MjM5NzE3MTQyMQ==,"有深度、有温度、有态度，在这里读懂财富。"
娱乐独角兽,MzA5NTI2MTQwMA==,"聚焦于文娱领域创业和深度公司报道，发掘下一个娱乐产业的“独角兽”。致力于打造娱乐+ 互联网跨领域新媒体平台。在这里，发现“娱乐独角兽”！"
远望资本iVision,MzI2Nzc4NjA5OQ==,"远望资本聚焦人工智能领域投资，由迅雷创始人程浩与田鸿飞、江平三个硅谷老炮共同 创立"
云锋金融,MzIzMzE2MTU5OA==,"云锋金融集团【官方账号】，云锋金融集团是一家在香港主板上市的创新型金融科技集团，拥有证券经纪、投资研究、企业融资、资产管理、保险业务、员工持股、金融科技七大业务板块，为个人、机构投资者和企业客户提供综合性金融服务。"
叉烧往事,MzI2NzExNTgwNQ==,"带你了解文娱圈鲜为人知的故事"
深响,MzUzOTc4NDQxMQ==,"全球视野，价值视角。"
懂懂笔记,MjM5MDcwODk1NQ==,"我们的团队成员均来自知名科技和财经类媒体。我们关注科技产业的发展动态，技术趋势和商业变革，我们希望与你一起，迎接这个科技转变命运的时代。"
计量经济学,MzA3NDg2NzQzNw==,"计量交流，做中国最大的计量软件交流社群"
一个胖子的世界,MzA3MTAxMzEyOQ==,"独立互联网观察者，带给你科技互联网的深度评论，涵盖产品、运营和商业模式的实战案例。36氪、虎嗅、钛媒体、雪球和人人都是产品经理专栏认证作者。"
大猫财经,MjM5MDY5NjI2MQ==,"大猫财经有一个庸俗价值观——人生那么多焦虑和不开心，主要是因为钱不够多。 我们也提供 解决方案——一是用知识和常识武装你的头脑；二是用无佣金严选爆款理财产品让你的财富增值。"
偶尔治愈,MzIyNDU0NjAxOA==,"记录人与疾病、衰老、死亡的相处方式。"
理想岛,MzI1NTIyMTA3Mw==,"人与人之间最大的差别不是智商或财富，而是思考问题的层次和模式。关注理想岛，提升认知维度。"
亨利滚雪球,MzA4MTI2ODg1NQ==,"一位投资者对金融市场和世界的思考"
叁里河,MzU0MzYwNjUyMA==,"关于财富的一切"
冰点周刊,MjM5MDQ3MTEyMQ==,"中国青年报旗下的深度报道品牌。我们相信，新闻不止一天的生命力。"
ZAKER,MjM5OTMxMTc4MA==,"ZAKER，传递价值资讯。ZAKER拥有资讯、娱乐、科技、财经、体育等十几个版块，用户可根据个人 喜好订阅相应内容，也可通过智能推送获取自己感兴趣的信息。对于感兴趣的图文，用户可在ZAKER内或通过各大社交平台与好友分享互 动。"
粥左罗,MzU3MTc1MjE4OQ==,"向上生长，TO BE, TO UP.   50万年轻人的成长充电站。"
阮一峰的网络日志,MzI4NjAxNjY4Nw==,"互联网开发，个人生活随感"
吾皇万睡,MzU1NjI0MDcwNw==,"作为一只喵，如果没有自己傲娇的原则，那跟狗还有什么区别。"
娱乐硬糖,MzU4OTU4MjM1OA==,"有温度的泛娱乐产业自媒体。娱乐人物的商业解读，资本客厅的莎士比亚。"
雷帝触网,MjM5MzQ5NjIyMQ==,"欢迎收听雷帝触网，雷帝触网是中国最多产的互联网科技自媒体，内容中立，快、准、狠，其由资深媒体人雷建平创办，雷建平是今日头条签约作家，也入驻了一点资讯、搜狐、网易等平台。"
BLUES,MjM5Njk4OTQwMQ==,"深圳梅沙科技合伙人，原迅雷产品总监，YY语音、QQ秀高级产品经理，600多篇原创文章，持续更新，写产品策划、产品运营、数据分析、用户研究、职场与生活。欢迎交流，有问必答，一起进步！"
世界说,MzA4NjUwNjI1OA==,"世界说提供有价值的国际资讯和全球故事，在全球76个国家有500个海外报道专员。我们只做大家 看得懂的国际深度报道与评论。"
白鲸出海,MzA3NTQ4NjczNw==,"白鲸出海，泛互联网出海服务平台，白鲸专注于具备互联网属性的行业、公司、产品和服务的出海，包括应用、游戏、电商、区块链、智能手机及硬件、旅游、网络文学、影视、动漫、教育、体育和金融等。"
高瓴资本,MjM5NzY4MjU2OA==,"以时间为友，与高瓴同行。"
亦无所知,MzI2OTM2NzA2OA==,"一无所知，保持空杯，保持饥饿。 我是亦仁，创业者。"
字节跳动技术团队,MzI1MzYzMjE0MQ==,"字节跳动的技术实践分享"
图解电影,MjM5MTU4MjY4NA==,"每天自带图解资源推荐一部好电影，只需一刻钟，让你读懂一部好电影！周末还有固定福利哟！"
投行圈子,MjM5MTAwNzI3NQ==,"二十万投行精英在关注的公号。投行人士的专业知识、实操经验、业内动态等分享平台。"
猎聘,MzU5MDcyOTYwMQ==,"猎聘网订阅号为您提供有趣、有用、有品的职场内容，为您破解各种职场难题，呈现新潮健康的生活方式，深度的职场洞察，时下社会热点，以及大数据行业分析和研究报告。"
体制内阅读,MzAxNTU5Njk3MA==,"在这里，读懂体制内。"
机器之能,MzUyODA3MDUwMA==,"探索全球人工智能应用场景及商业化"
投中网,MjM5NDk1NDE2MA==,"投中网是国内领先的创新经济信息服务平台，拥有立体化媒体矩阵，十多年行业深耕，为创新经济领域核心人群提供深入、独到的智识和洞见，在私募股权投资行业和创新商业领域均拥有权威影响力。官网地址：www.chinaventure.com.cn"
中新经纬,MzI0NDU5OTAzMA==,"中新经纬是由中国新闻社主办的财经新媒体，拥有中国互联网新闻信息采编发布服务资质（一类）。以手机客户端（APP）等为主要传播平台，以“权威、前瞻、专业、亲和”为特色宗旨，传播财经资讯、解读经济政策、讲述商界故 事，打造精英的财经资讯平台。"
Aha视频,MzI2OTU3MTQxOA==,"啊哈~你又多看了平凡生活一眼"
盈动资本,MzA3Nzc3OTAzOQ==,"盈动资本，专注互联网早期创业投资，已投项目有51信用卡、开始众筹、小电科技、别样红、人人视频、亿欧网、袋鼠云等行业领先企业，并在多个榜单中斩获「最佳投资机构」奖项。"
neets小报,MzU1ODM0NDA5Ng==,"关注小n，不再剧荒~"
旁门左道PPT,MzU2ODEyNzY3Mw==,"再小的技能，也值得被认真对待。"
懂懂日记,MzA4Mjc2MzkzNA==,"懂懂QQ：2361456"
老凤财经,MzA4NDI2MTkxMQ==,"一本正经的胡说八道"
FT中文网,MjM5NjIzOTM0MA==,"FT中文网是英国《金融时报》集团旗下唯一的中文商业财经网站，旨在为中国商业菁英和决策者们提供每日不可或缺的商业财经新闻、深度分析以及评论。"
网易研究局,MzI3ODYzMzc5NA==,"网易专业财经智库"
蓝鲸浑水,MzIyMDA4ODE2Mw==,"浑水自媒体江湖。人人都是自媒体，我们致力于做最专业的自媒体服务平台。"
B2B内参,MzA5OTg2OTk0NA==,"产业互联网、B2B行业媒体平台，寻求报道、商务合作、加入社群请联系古小姐:15811062321"
经济学家圈,MzA5NTU4NTUzMg==,"关注思想市场"
微软中国MSDN,MjM5NTE3NDgyMg==,"微软云Azure技术生态官方公众平台"
经济观察报书评,MjM5ODA5NTI4Mg==,"经济观察报·书评版官方微信账号。 一切建设，从阅读开始！"
摩登中产,MzI1NjUyOTUxNA==,"关注现代家庭生活的原创内容平台，我们一起，重新发现生活的本色。"
Python网络爬虫与数据挖掘,MjM5MzI5MTQ1Mg==,"Python网络爬虫与数据挖掘、分析，尽在 datanami"
微信读书,MzA5OTE5NTI5Mw==,"微信读书是基于微信关系链的阅读应用。在提供极致阅读体验的同时，为用户推荐合适的书籍，并可查看微信好友的读书动态、与好友讨论正在阅读的书籍等。"
一兜糖家居APP,MzIwNTIwOTc2OQ==,"一兜糖家居 | 让家变得有温度。旗下包括网站及App，致力于分享万千真实屋主的家装经 验。跟着发烧友一起，把家变成世界上最舒服的地方。"
新流财经,MzU3MjE2NzQ4Mg==,"我们提供零售金融、金融科技、消费金融报道。我们认为，以科技手段，改造零售金融业务，将是一个持久而伟大的浪潮。"
果壳视频,MjM5NjI1ODU0MA==,"专注于知识短视频，给你更硬核的科普、更多真人出镜、更赏心悦目的效果！全新系列节目《你听我解释》同步上线，每周解答一个年轻人的生活迷思，敬请期待吧！"
有趣的制造,MzI0NjM1NTQxOQ==,"我是 Cast，学机械设计的，通过动图带你看各种东西的制作过程呀~"
人民出版社,MjM5MjEzODQwMQ==,"关注人民出版社官方微信，即时收取新书资讯。"
好好住,MzU3OTUyNzQ5NQ==,"好好住APP官方账号，专注中国人家的家居社区，结识高能屋主，解决各种家居疑难杂症。好好晒 家，好好住。"
特大号,MzI3MzAzNDAyMQ==,"IT B2B 特大号！每日八卦最香艳2B绯闻！"
游戏葡萄,MjM5OTc2ODUxMw==,"游戏葡萄是有前瞻、有判断的游戏产业观察者。这里有关于游戏产业的深度分析、交易资讯和热辣小道。投稿与商务合作邮箱： hi@youxiputao.com"
英式没品笑话百科,MzU2NDIxOTAyNg==,"奇怪笑点与百无禁忌"
杨德龙宏观策略研究,MzA3NjA1MzYzOQ==,"定期发布杨德龙对宏观经济和资本市场的最新研究报告和策略观点，供大家参考。"
明源地产研究院,MjM5MjQyOTc0MA==,"明源地产研究院被客户誉为“中国地产百强背后的管理大师”，深度致力于房地产行业的管理研究、咨询服务、专业培训、解决方案四大领域。     微信内容：政策解读、行业趋势、市场动态、名企战略、名人韬略、管理前 沿、干货收藏、图说地产、大数据等方面。"
看客inSight,MzIyMzAxMDc0Nw==,"看看这个荒诞又有趣的世界。"
超人测评,MzUyMTY1NDMwMQ==,"36氪旗下的年轻态测评公号，秉持“什么火测什么”的追求，最有趣，最有型，最有种。"
静说日本,MzIyNTgxMjczOA==,"“静说日本”是日本亚洲通讯社社长徐静波的公众号，专讲日本故事。"
孟大明白,MzI2ODA5MjgyOA==,"趣味文字，蹲坑必备"
平原公子,MzA3NzY3NjUzNQ==,"讲人间故事，说是非曲直！"
无二之旅,MzA3OTAzNzUyNA==,"定制旅行旗舰品牌，每天推送真正深度、小众、有趣的原创旅行图文。"
沃顿商业,MzU2MjA4Njc4OA==,"全球视野，高端思维。商业财富思想案例库。为高端商业财富群体提供商业财经创业资讯、洞察、趋势和思想。"
古典古少侠,MzA4NTM2MTQzOA==,"著名生涯规划师，新精英创始人，《拆掉思维里的墙》作者。盛产关于职业发展、个人成长与人生选择的犀利观点和实操建议。"
奇客Solidot,MzA4MjM5MjA3Nw==,"奇客的资讯，重要的东西"
中国旅游报,MjM5NzM0MTYyMw==,"为您及时提供最权威的新鲜旅游资讯。 随时随地，我们和您在一起。"
Sunbelife,MzI5Nzk5MTg3MQ==,"三流程序员，一级小白鼠，二级强迫症，没事就爱瞎折腾。新浪微博：@Sunbelife"
跳海大院,MzA5MTY0NTYyOQ==,"很 认 真 地 做 不 靠 谱 的 事  ( 原创短视频和图文 )"
财经杂志,MjM5NDU5NTM4MQ==,"《财经》杂志官方微信。《财经》杂志由中国证券市场研究中心主办，1998年创刊，秉承“独立、独家、独到”的新闻理念，以权威性、公正性、专业性报道见长，是政经学界决策者、研究者、管理者的必读刊物。"
MicroUX,MzUxMzUzNzUzMw==,"微交互，细节设计成就卓越产品"
人民攻摄,MzI2MTIxODA2MA==,"一个用心教拍照的小地方"
网罗灯下黑,MzU2NTAzNzYzMg==,"聊点网络生活中不为人知的有趣事"
西二旗猿圈儿,MzAxNTM0NTM2MQ==,"一个从业12年的互联网猎头唠嗑的地方！及时发布互联网行业动态，各大知名互联网公司内幕八卦&融资并购&架构调整@分享年薪30万以上研发职业机会，提供职场建议和大牛职场心得！"
硬件十万个为什么,MzAxNDAyMzc0Mg==,"热爱技术，乐于分享"
字体设计,MjM5MjM0MzQ0MA==,"中国的字体爱好者、专业设计师广告人、新老一代设计师交流集中营……在这里交换有关字体的一切知识与见解及资源。【更多精彩尽在新浪微博 @字体设计：weibo.com/fonts】"
路人甲TM,MzIzMDQyMjcxOA==,"以前我也是个程序员"
观视频工作室,MzI2NjUyMzM0MA==,"观视频工作室"
优卡说,MzIwODM5MDQxMQ==,"PPT，从视觉到观点。写一些别处看不到的PPT文章。让每一个后来者，都相见恨晚。"
即刻,MzI1OTAxMDY5Nw==,"「即刻」，年轻人的兴趣社区。说定了，关注了我们就是即友了！"
Pinterest优选,MzI1MzE3NTk5Nw==,"带你一起玩前卫，长见识，发现全球更有趣的人和事。敢于了解世界，才不会被世界改变 。"
TensorFlow,MzU1OTMyNDcxMQ==,"Google官方账号，分享人工智能和TensorFlow相关的最新消息、技术资源、活动和实践案例。"
太平洋电脑网,MjM5NTA4ODI4MA==,"提供全面数码科技资讯，新产品发布会图文直播。还可以查询各类数码产品参数和报价哦！"
迪拜旅游局,MzU2NDA0MjkyNQ==,"迪拜旅游局官方微信公众账号"
黑板洞察,MzU4MDY5NjY0OA==,"洞察教育行业趋势，发掘培训产业价值"
北方公园NorthPark,MzI4MTc4NTc5Nw==,"让文化流行"
无冕财经,MzA5MDk5OTA4NQ==,"九段财经媒体人创办的新媒体，奉守专业主义，为优质的商业阅读而生，作者遍布国内国际近20个热点创投城市，深度调查，一手原创采写，只为“互联网+转型，创业，投资”案例发声！我已加入“维权骑士”（rightknights.com ）的版权保护计划"
beebee公园,MzUzMTM0NjIwMQ==,"比当地人民公园还野"
beebee,MzA5ODk3MTEyMQ==,"为了让生活更有趣一点，我们只关注那些疯狂的故事和不循规蹈矩的人。为了保持清醒，我们不追热点，一周更新一次。"
老罗话指数投资,MzI3NTI3MTM2MA==,"知名指数投资专家，沪深交易所ETF培训讲师，央视财经嘉宾，老罗著有《指数投资从入 门到精通》、《基金定投让财富滚雪球》、《ETF投资指南》在京东、当当、亚马逊等平台成为指数投资必备书籍。"
灰产圈,MzIyMDYwMTk0Mw==,"互联网黑灰产业链第一媒体，创始人：灰产哥，专注资源对接­­\人脉共享\项目合作\流量变现\大咖讲座\营销软件\网赚项目\引流技术\高端人脉。"
我是科学家iScientist,MzI0MzA3OTI1MA==,"“我是科学家，我来做科普”。这是一个中国科学技术协会主办、果壳网承办科学家从事科普的内容平台，与之匹配的有演讲产品，新媒体矩阵和科普技能培训班。"
纯洁的微笑,MzI4NDY5Mjc1Mg==,"一个有故事的程序员"
科技灯下黑,MzA5MTI1NjUxOA==,"网络生活中不为人知的趣玩软件、隐秘故事、毒舌吐槽，这里都有"
曾少贤,MzI1MzUzNTc0NQ==,"一个关于学习、思考、认知方式的公众号。欢迎关注知乎百万赞答主曾少贤。"
我就BB怎么了,MzA5ODg5NDk1Ng==,"别问，关注就对了。"
真理规划局,MzUyMTgzNzc1NQ==,"尼采说，一个人知道了自己为什么而活，就能忍受任何一种生活。而我愿意做一个operator，与你一起穿越真理之门。"
GDG,MjM5NDkwOTEyMQ==,"GDG上海微信助手 - 发布最新活动通知(每月都有线下技术分享,workshop和聚会),和开发女神,码农, 创业者,设计师,产品经理们做朋友吧!"
网易房产广州站,MzA4NDExNTIxMw==,"传播最及时、最重要、最核心的房地产资讯，发布最新，最快、性价比最高的购房信息。"
短史记,MzIzNTAyODMwOA==,"腾讯新闻原创栏目《短史记》，疑今察古，鉴往知来。"
史料搬运工,MzI2MzQzNjA4NA==,"人事终变，天道能还。"
证券市场红周刊,MjM5NzEzODIwMA==,"《证券市场周刊•红周刊》简称“证券市场红周刊”或“红周刊”是中国证监会指定披露 上市公司信息刊物。我们致力于为广大股民和关注财经的网友，提供及时的股票资讯、股市行情分析、以及热点财经解读和投资策略分享。"
新世相X研究所,MzU3NDQwMDU5Ng==,"你的世界，值得好好研究"
唐书房,MzI5NzA5MDEzNg==,"《价值投资实战手册》、《手把手教你读财报》、《手把手教你读财报2》作者唐朝唯一的公众号 。"
产品思维与创业心法,MzA3ODYzMzU4MQ==,"关于“如何做好产品+如何做成事情”的方法论和认知升级！"
Cocoa开发者社区,MjM5OTM0MzIwMQ==,"一站式开发者成长社区"
大西洋鳗鱼,MzI0OTEyMDQ0MQ==,"金融男，走过71国。网易新闻2018最佳签约作者，知乎旅行第一V。旅行中全部的兴趣都在人 的身上，尝试用地缘、历史、政治、人类学去解读这个有趣的星球。 这里有内容最深度，态度最鲜明的一手世界观察。"
腾讯用车,MjM5MjgwMzU2MA==,"最新用车资讯，最热福利活动，最精彩用车视频就在腾讯用车公众号。"
腾讯教育,MjEwMjQxMDg0MQ==,"腾讯新闻教育频道"
京东,MjM5ODAxMjM2MA==,"我们将第一时间为你带来京东最新的优惠信息、服务升级和新闻动向"
搜狗,MzAwNDA4Njg0Nw==,"发布搜狗公司最新资讯、分享好玩有趣的活动。"
今日头条,MjM5ODEyOTAyMA==,"今日头条官方帐号"
天涯杂志,MzA5MzQxMjQzOA==,"《天涯》由著名作家韩少功、蒋子丹任首任社长、主编，是国内目前最负盛名的文学思想类杂志。《天涯》以道义感、人民性、创造力定位，追踪当下的思想文化动态，努力切入时代的文化心理深处，承担起精神解放和文化建设的使命。"
袋鼠深度精选,MzI5NTY0NjQ2Mg==,"嗨，这里是袋鼠深度精选。袋鼠神奇的口袋里一定有你想要的。 我们将用不同的视角和深 度与你共同搭建互联网思维。"
云技术,MzU0NDEyODkzMQ==,"传播新技术，关注云计算、雾计算、边缘计算、量子计算、物联网、5G、人工智能、大数据、虚拟化、安全、区块链、DevOps、存储、SDN、职场、招聘等领域，分享资讯、经验、技术、坚持干货。"
腾讯技术工程,MjM5ODYwMjI2MA==,"腾讯技术官方号。腾讯技术创新、前沿领域发布解读平台。"
人神共奋,MzAxNTYyNjQ1Mw==,"每周两篇原创，颠覆你对职场、管理、财富的看法。"
小北的梦呓,MzA4ODY4ODUzNQ==,"一生只有一个职业：学生"
不正经历史研究所,MzIyOTU4MTQ4Mw==,"正儿八经地扯犊子！"
新榜排行榜,MjM5MDM4ODY2Nw==,"独立，客观，权威，用数据读懂新媒体。新榜——内容产业服务平台，www.newrank.cn"
丫丫港股圈,MjM5NjA5ODU2Ng==,"关注丫丫，这将是一笔最好的投资！"
集思录,MzAwNzA0MTkxOQ==,"低风险理财社区。"
武汉大学,MzA5MjM3MzUxMA==,"武汉大学官方公众平台"
QuestMobile,MjM5MDk2NzM0Ng==,"QuestMobile：是中国专业的移动互联网商业智能服务商，核心产品和服务包括TRUTH移动互 联网标准数据库系列、TRUTH-Fullview全景版、DATA MINING数据挖掘分析服务、GROWTH数据增长服务以及订制研究咨询服务。"
游戏陀螺,MjM5Njc5MjgyMA==,"关注游戏创业，为游戏创业服务！"
猎云网,MjM5OTI1OTk2MA==,"猎云网是一家聚焦TMT领域创业创新报道的新媒体，聚集新公司、新产品、新模式，并嫁接广大创 业者与投资机构沟通的桥梁。"
CDA数据分析师,MzA3OTAxMDQzNQ==,"CDA数据分析师品牌官方微信，开放、创新、分享。"
新芽NewSeed,MzI5NTk1NTg0Ng==,"新芽NewSeed，离资本最近的创业服务平台！"
POCO摄影社区,MjM5MDMyMTg0MQ==,"中国领先时尚摄影平台，汇聚千万摄影与视觉爱好者，每日和你发现和分享最新最时尚的摄影潮流。"
拉勾,MzAxNzEyODA2NQ==,"拉勾网，专业的互联网领域招聘平台，专注于为互联网从业者提供更好的职业机会。海量诱人职位实时更新，薪资透明，拒绝面议！"
馒头商学院,MzA3MDk4NzMzNg==,"欢迎加入馒头商学院（www.mtedu.com），互联网从业者在线学习社群！这里汇集众多优秀的 产品、运营、营销大咖，提供接地气的实战课程。你还可以加入各种专业小组，收获导师、朋友和圈子，与优秀的互联网人一起成长！"
QQ音乐,MjM5MjAwOTk0MA==,"爱情不会重来，但是音乐可以。"
科技美学官方,MjM5ODQwNDQxNA==,"科技美学小号，一些被删除的文章，可以在这里找到"
中产之路,MzUzNzYxMzAxMA==,"岳京杭，湖南岳阳人。北漂8年，后跑路杭州，混迹于通信、互联网，先后在三星电子、猎豹移 动、百度等厂搬砖。最近4年从事人工智能相关开发工作。 本号以技术人的角度，探讨行业动态、职场见闻、转行路径、工资外收入、中产中年、失业求职等话题。"
惊人院,MzU5NDE1NjM1OA==,"非正常事件研究中心"
PriceTag发现好应用,MzU2NjM2NDkxNg==,"精选应用推荐，应用人物故事"
王路在隐身,MzA5OTc3NzEzMw==,"发布文章。"
煎蛋,MzAxODYxNDA1OA==,"每天推送煎蛋网的昨日精选文章，由不可穿戴的超载鸡智能更新。"
阿里研究院,MjM5NTg0NDE1Mw==,"阿里研究院依托阿里巴巴集团海量数据、深耕小企业前沿案例、集结全球商业智慧，以开放、合作、共建、共享的方式打造具影响力的新商业知识平台。 阿里研究，洞察数据，共创新知！ 官方网站http://www.aliresearch.com/"
手机教授,MzAwNDY5Njc3NQ==,"手机问题找手机教授。每天为你提供好玩的手机硬件、软件应用的玩法攻略；手机评测爆料，导购建议；数十万机友汇聚的社区，实时在线交流。你身边的手机高手，尽在手机教授。"
凤凰新闻客户端,MjM5ODI5NTE2MA==,"凤凰新闻客户端官方账号，发布最新原创内容及产品动态。"
新华网思客,MzA4MjUzOTUxOQ==,"思客（sike.news.cn），新华网倾力打造的思想传播与跨界智库平台。我们在这里，与您一起，发现思想力，成就影响力。"
奇点网,MzA4MjA2MDI5OQ==,"链接全球创新医疗"
多看阅读,MTEwODQ0NTE4MQ==,"小米旗下阅读软件，支持iOS/Android/Kindle 三大平台！海量好书！优质体验！上亿读者优选 ！"
开源中国,MjM5NzM0MjcyMQ==,"为开发者服务"
品途商业评论,MjM5NTU0MzI0MA==,"品途商业评论（www.pintu360.com）是互联网时代有深度的新锐商业评论媒体。品途商业评论旨在用好内容助力企业成长，通过商业逻辑分析、模式盘点、新技术新系统介绍等深度内容，为变革中的企业主、管理者及创业者提供最具参考价值的商业资讯。"
IT之家,MjM5Mzg4NzExMQ==,"IT之家（ithome.com）官方账号，爱科技，爱这里。IT人的家园，IT界的烟火。"
重案组37号,MzIxMjA5NjA0MA==,"新京报社"
奇遇电影,MzIyNDg4NDAzMQ==,"一个有趣、有料的电影号"
创次方头号玩家,MzI0MDA4MDIxMw==,"创新诠释科技"
触乐,MzA4MDIxNzkyNA==,"一家真正的游戏媒体。提供有关游戏的新闻、评测、行业观察等，专注于高质量、有价值，且真正有趣的内容。"
极昼工作室,MzA3NTc2NDY5MA==,"为坚持严肃阅读的人群提供选项。搜狐新闻极昼工作室。"
中信出版集团,MjM5NzUzODI1Mg==,"我们提供知识 以应对变化的世界"
识货App,MzA5ODI5MDMwNA==,"正品运动好货，识货App应有尽有，低至市价五折。"
清单,MzA3ODA0MDg3MA==,"用心生活，认真花钱。从厨卫家居到美容个护，清单告诉你各种买买买的攻略、误区，推荐物超所值的好东西，让你告别乱买，理性剁手。"
电脑报,MjM5NzAxMDI4MA==,"关注互联网热点，提供专业的硬件及数码产品资讯！"
假杂志,MjM5OTcwMjYwMA==,"一家基于内容、出版而展开的影像艺术机构。始于二〇〇九年，我们的实践包括杂志、出版、发行、图书馆、书店、Pseudo Museum等。我们关注以图像为创作媒介的出版事件、艺术家和写作者。"
毒APP,MzI0MTA2NTM2MA==,"“毒”是一款以运动装备为主题的移动社交软件，以“球鞋鉴别”为核心服务，以“放毒晒物”为 核心理念，致力于打造一个属于年轻人的交流、展示、分享的自由社区。"
今日美术馆,MjM5MTY2NDQyMQ==,"每周尊送今日美术馆最新展览、艺术教育活动等信息，引领北京CBD地区的艺术时尚生活。 今日美术馆成立于2002年，中国第一家民营非企业公益性美术馆，一直致力于推动中国当代艺术的发展，以其现代性视野、国际化平台、规范化运营，力求探索一条适合中国民营美术馆的发展之路。"
译林出版社,MjM5OTQyMjEwMQ==,"聚焦全球好书，领略阅读至乐。"
The Type,MzA3MjM1MDUzMQ==,"文字设计和视觉文化。我们关注的话题包括字体、平面设计、公共设计、设计理论、艺术、社会和技术。"
天才捕手计划,MzI4NTc1MDU2MQ==,"捕捉最带劲儿的亲身经历"
猫窝 ,MzAwMTE0MDE0Nw==,"Junyu 曾经是豌豆荚联合创始人，现在是轻芒的设计师。不保证勤快更新。"
国家地理中文网,MTExNTQ5NDc4MQ==,"这就是国家地理！"
全民故事计划,MzA3ODMxMjA0OA==,"其实，每个人的故事都惊心动魄。"
饮识分子,MzAxNzIyODA4NA==,"从饮酒者（非商家）的角度介绍各种与酒相关的新闻和知识，普及酒文化，提供一切饮家最需要的资讯。"
谷大白话,MjM5NTExMTk5MA==,"THERE'S NO『俗』WITHOUT『谷』 专注美剧/电影/脱口秀/笑话/新闻/俚语/扯淡/三俗30多年"
创见,MjM5NjAxMDc4MA==,"全世界在等待新的科技故事"
三文娱,MzA3NjM4MDM2Mg==,"三文娱是 ACGN 领域最具影响力的产业新媒体，除了公众号及网站之外，您还可以通过知乎专栏，百度百家，今日头条，一点资讯，界面，微博，网易号等媒体平台浏览我们的内容，我们会持续分享新闻报道、案例分析、行业报告，也会有专业人士的探讨。"
雾满拦江,MzI5OTkyMDQ5OQ==,"我想跟你一起成长"
Python程序员,MjM5NzU0MzU0Nw==,"最专业的Python社区，有每日推送，免费电子书，真人辅导，资源下载，各类工具。我已委托“维权骑士”（rightknights.com）为我的文章进行维权行动"
啃金融,MjM5NTIxNjI0Mg==,"致力于做老少皆宜的金融轻阅读。这没有长篇大论，只有轻松漫画。不卖弄术语，只说大白话，让你一眼看明白华尔街的大事和你身边的菜价有何关联。"
autocarweekly,MjM5NDcwMTg0MQ==,"资深媒体人打造，一个有个性、有视角的汽车人文观点和交流平台，提供不一样的真话、 资讯、福利、女神……我们的意思是，车不只是代步工具，还是生活的一种刻度。"
第十放映室,MzI5NDEyOTQxMw==,"解读说实话，批评有实据，只因小十君做人够实在。 第十放映室，一个就爱瞎说大实话的原 创电影公众号。"
单向街书店,MjM5NjA2MDkxMg==,"这里是独立灵魂的栖息地，我们致力于让每一个独立而又丰富的灵魂，都有处可栖。我们推荐：好书、好文、好物、好剧；我们主办：好沙龙、好展览、好演出、好课程。"
WeLens,MzI2NDY4MzU0OA==,"Lens是一个致力于发现创造与美、探求生活价值、传递人性温暖的传播平台。旗下包含出版、视频、新媒体（WeLens）、展览、沙龙、创意产品等板块。“WeLens”系从原公众号“Lens杂志”迁移而来。"
豆瓣阅读,MzI4OTk3MjI2Ng==,"豆瓣阅读"
阿司匹林博物馆,MjM5MDQxNDYxMA==,"我们都应该知道怎么让自己开心。"
深焦DeepFocus,MzAwMjMzNTEzNg==,"一份以巴黎为发源地的迷影手册，我们从这个星球上的各个角落发回第一手电影批评和资 讯。同时，我们也遍及全球各大电影节，深入观察整个世界电影工业。"
小马宋,MjM5NTMyNDI1NA==,"小马宋，独立战略营销顾问，罗辑思维外脑，虎嗅2016年度作者"
求是设计会,MzUxNjA0NzEwNg==,"推倒图腾，破灭信仰。一个有趣的公众号。"
顾爷,MjM5NjIyODQyOQ==,"小顾聊绘画"
不散,MzA5MjI3NTc0OA==,"分享好电影，我们让电影更好看。"
假装在纽约,MzUxMTMwMTMxMw==,"从同一个地方出发，看见不一样的远方。"
理想生活实验室,MjM5NjAyMTM4MA==,"一家传播“更理想”生活方式的媒体。"
机核,MjM5OTAzMjg0MA==,"“不止是游戏”。机核网：www.gcores.com"
知社学术圈,MzIwMjk1OTc2MA==,"海归学者发起的公益学术交流平台，旨在分享学术信息，整合学术资源，加强学术交流，促进学术进步"
阿何有话说,MzIwODM3MzU1NA==,"人生只有三件事，喝酒、写文以及爱你们。"
第一财经资讯,MTU1OTI4NDM4MQ==,"第一财经官方账号 专业创造价值！"
上海证券报,MjM5MDIwNDEyMg==,"《上海证券报》1991年7月1日伴随着新中国证券市场的建立而创刊，是我国第一张提供权威金融证券专业资讯的全国性财经日报。《上海证券报》是新华社重点报刊，中国证监会、保监会、银监会指定信息披露报纸。"
凤凰网汽车,MzUwOTg1NjE5OA==,"凤凰网汽车公众号"
ServiceMesher,MzIwNDIzODExOA==,"ServiceMesher社区，涵盖Kubernetes、Service Mesh、Istio、Serverless、Knative等云原生技术，分享开源技术干货，推动服务网格和云原生在企业的落地。"
乱码,MjM5ODI0MTUwNQ==,"乱码乱码，不看好傻。写着玩的，欢迎交流。"
中国气象局,MjM5NjgyOTQyMw==,"发布天气预报、气象预警信息、天气动态消息，普及气象、防灾减灾知识"
新京报传媒研究,MzA3Mzg3MDczOA==,"传媒圈里圈外，新闻台前幕后。"
南周知道,MzAxMzA3NDY1OA==,"尽一切可能去发现我们的用户想知道的信息，让知道成为一种享受。"
北美留学生,MzA5NjUzNDM2Nw==,"北美知名网黄@君君，一只有温度的青年留学生公号，北美留学生的聚集地。"
犀牛娱乐,MzI2MDI4NjQ3Mw==,"一边娱乐，一边生活"
全媒派,MzA3MzQ1MzQzNA==,"腾讯新闻旗下全媒体智库，捕捉全球内容风向，聚焦前沿传媒研究，链接行业先锋人士，发布重磅峰会、报告、招聘信息。在这里，定位未来。"
将门创投,MzAxMzc2NDAxOQ==,"将门是一家以技术创新为切入口的新型创投机构，由前微软创投在中国的创始团队于2015年底创立。将门旗下设有将门创新服务、将门技术社群以及将门投资基金。关注技术领域包括机器智能、物联网、自然人机交互、企业计算。"
3W互联网深度精选,MjM5OTM5OTAyMQ==,"关注互联网行业趋势，推荐有价值的商业言论，和优秀的互联网人一起成长。"
199IT互联网数据中心,MjM5NjAxMzgwMA==,"199IT-互联网数据中心：发掘、分享数据价值，为您提供一个丰富的大数据内容平 台！网站（199it.com）、微博（weibo.com/199it）、大数据导航（hao.199it.com），感谢您的关注。"
中国新闻社,MjM5NDI2MDc5NA==,"中国新闻社，简称“中新社”，是中国以对外报道为主要新闻业务的国家级通讯社，是以台港澳同胞、海外华侨华人和与之有联系的外国人为主要服务对象的国际性通讯社。"
中国消防,MjM5MjYyNjc2Mw==,"发布消防权威信息和消防安全知识。"
攸克地产,MzA4NDI2MzAxNQ==,"关于攸克地产：不以清高弹唱自许，也不以污名异化求存。攸克地产坚持原创，提供所有能够推动房地产行业前行发展的信息、观点和视角。"
新浪NBA,MjM5NTM0Njg2MA==,"深扒、考古、故事、数据、花边……关于NBA的一切一网打尽"
网易轻松一刻工作室,MjM5OTEyODI0Mg==,"推送每日轻松一刻栏目的最新消息，有福利有捡漏~"
玩车TV,MzI5MjE2ODYwNQ==,"我们致力于让大家都成为懂车、爱车的好伙伴。每天免费推送玩车干货、趣味热辣玩车视频、玩车大百科。（玩车教授旗下视频新媒体）"
神秘事件调查员,MjM5MDE0NzMwMA==,"神秘，我们正在解释…探索无尽的未知世界！（调查员企鹅号1902692039）"
ramp驾道,MzA3OTI0MjUzNg==,"《ramp驾道》是一本以文化和生活方式为出发点、高度重视文字和视觉品质的汽车类杂志"
青年观察家,MjM5MzcxMTIyMw==,"我们在乎社会安全，也在乎蔬菜和房价；在乎教育改革，也在乎考试和就业；在乎司法公正，也在乎爱情与梦想......表达青年主张，展现青年力量，我们希望在时代的剧本里，青年人站在舞台中央。因为青年有梦想，国家才有希望。"
南都全娱乐,MjM5MTE1ODI2MA==,"《南方都市报》娱乐版微信账号。有态度、负责地对待娱乐，有情怀、趣味盎然地提供独家新闻。"
科普中国,MzA5NTk1MDMxMg==,"公众科普，科学传播"
凤凰天使韩剧社,MzIxMDExMzMwMQ==,"爱看韩剧不能错过，每日定时推送最新最全韩剧信息！"
读书有疑,MzAxMzAyMTk1NA==,"朱熹：“读书无疑者，须教有疑，有疑者，却要无疑到这里方是长进。”  有品、有趣、有疑的阅读时光，从这里开启。"
上海书评,MzA5MDE1NzAwNg==,"Shanghai Review of Books，始于2008——澎湃新闻出品"
央视网评,MjM5NDI5MTgyMA==,"央视网新闻官方微信"
万星人,MzA5MjA2ODE5NQ==,"吃瓜追剧，吐槽看戏，有趣的年轻人都在这里"
菁城子,MjM5ODc2ODA0Mg==,"如果个人自由还值得热爱，社会的繁荣与和平仍值得追求，正确的经济学观念就应该得到广泛传播。"
美食博山,MzA3MTYzNzYxMQ==,"美食博山这里有好吃、好玩的，既有博山过去的历史故事，也有今天的新鲜事，关注美食博山，让您既长见识，又惊喜不断！"
i黑马,MTA3NDM1MzUwMQ==,"让创业者不再孤独@i黑马"
融中财经,MjM5MjI0Nzk5NA==,"融中集团旗下的即时资讯媒体。聚焦中国企业、投资机构、股权投资与融资行为及政策深度分析；秉承“专业 深度 独立”的理念；致力于私募股权行业的品牌传播、数据研究、高端会议等的服务平台。"
科技小蜀黍,MzI2NDU5OTI1Mw==,"搜狐第一大号，这里有最新的科技资讯，让你了解更多科技信息。"
Topbook,MzU1NDgyNDQ1Ng==,"你的高效生活视频书。"
车辙,MzA5MjIzMTAyNQ==,"车辙的报道方向覆盖产业政策、市场及公司动态，同时更侧重于汽车文化、车型评测、以及技术解读等垂直内容。作为汽车圈非常具有原创影响力的新媒体，我们一直秉持专业、深度和有趣的报道宗旨，为读者呈现有价值的分享！"
优秀网页设计,MjM5NTA0NjY4MA==,"优设网官方帐号，国内知名设计师学习平台。和大家一起来利用碎片时间学习设计和PS技术吧！"
北青艺评,MzA4MTQ2NDUwNA==,"文艺能超脱，评论是态度"
吴主任,MjM5MjYxNDU4MQ==,"相遇即是缘。本号前身“理性乐观派”，反复说一些我以为应该是常识的朴实理念。"
市政厅,MzA5NzYzMzEwMQ==,"关注城市治理与城镇化进程，以创新、社区、可持续为原则，寻求城市问题解决方案。"
新浪科技,MjM5ODA2NTk2MA==,"一手“掌”握科技“鲜”闻。"
财经小报告,MzAwODAwMDAwMg==,"聚焦宏观经济，投资，在大时代中洞察财富趋势。"
财经天下周刊,MjM5MzMyMDE3Mw==,"《财经天下》周刊官方认证公众号。《财经天下》周刊，不只是一本杂志，我们负责提供有品质的深度财经商业报道。"
日本那些事,MzA4NDE5NDQ5NQ==,"分享最新、最全、最娱乐、最八卦的日本那些事儿！吃喝玩乐这里都有，你懂的！"
娱乐新青年,MzAwMjIzNjM2MQ==,"在这里看到90，95后的生活观，消费观，世界观"
网易新闻,MzA5Mjk4MzU2MA==,"网易新闻官方账号，汇聚有态度的原创内容。"
格林威治嬉皮研究公社,MzA5Mjk2NjEyNw==,"即时退出当代生活"
这才是日本,MzA5NDE2MzkyMQ==,"我们是一群生活在日本的男男女女，正通过亲历、亲记，告诉您一个真实的日本。加入日本Team成为专栏作者或投稿：ycwang@askus.cn。"
iFeng科技,MjM5ODAxMjU2MA==,"凤凰科技频道官方账号，带你直击真相。"
新商业情报NBT,MzI0ODI0ODExMg==,"「新商业情报NBT」由「三声」核心内容团队运营，专注于新科技带动的创新观察和投融资报道。"
三声,MzA4MjgxMzkxOA==,"『三声』，由彭博商业周刊核心内容团队创办于2016年5月，着力从商业角度关注“新娱乐、新消费 、新青年”，为从业者和投资者提供富有预见性与启发性的深度原创报道。"
场库,MjM5MDAwNTk0MA==,"场库，新片场社区旗下的短片创意库，一本高品质的影像杂志。专注于分享国内外精选短片，用最直观的方式让你大开眼界。"
Kindle电子书库,MzAwOTEzMTkzNw==,"全国最大的Kindle电子书爱好者聚集地，提供正版书籍推送服务"
北京青年周刊,MjM5MTI0NjkyMA==,"《北京青年》周刊，全面解读中国文化。"
亿欧网,MzA5NTI1MDEyNA==,"科技与产业创新服务平台"
腾讯大申网,MjEwNDI4NTA2MQ==,"乐享申活，从你我开始"
铅笔经济研究社,MjM5NzA0NjA0MA==,"铅笔经济研究社，成立于2006年，是非营利性的民间社团。我们努力研究中国的经济和社会现实，分析中国经济、社会发展的经验和教训。"
机智猫,MzIwMjAwNDY4MA==,"电脑报旗下品牌"
庞门正道,MzA5NjIzNjgxNw==,"播主：阿门-前腾讯视觉设计师、站酷排名前10的自由职业设计师。  每天早上与你一起分享一 点设计&摄影小知识小技巧。 欢迎回复或咨询探讨相关话题。"
影视工业网,MjM5MjEyOTIyMA==,"影视工业网CineHello.com ，泛影视制作垂直社群"
中国电影报,MzA3NDYzMDA3Mg==,"关注国内外电影产业的现状和未来，提供电影产业权威、前沿报道。"
志象网,MzUyNDU2NTc1Ng==,"见证中国科技企业全球化之路"
看电影杂志,MjM5OTUzNDA4Mg==,"《看电影》杂志官方微信"
华尔街俱乐部,MjM5MDUwNDU2NA==,"华尔街俱乐部凝聚华尔街投行的高端资源，为中国民营企业“走出去”提供全方位的顾问服务，包括企业赴美上市、战略投资、并购、私募路演和投资者关系等。在投资理念和技术方面提供华尔街投行专家实战培训，为您进入华尔街铺设成功之路。"
秦朔朋友圈,MzA3ODI5NDg0Mw==,"秦朔朋友圈是由中国著名媒体人、财经观察家秦朔牵头创立的一个新媒体与专业服务品牌，包括微信公众号、微博、视频节目、音频节目等。内容聚焦于经济、金融和商业领域，关注重点为全球和中国财经商业热点、企业家精神、创新与发明创造、商业文明探索等。"
新京报评论,MzA3NzMxNjQzMA==,"积极、稳健、有见地。"
最高人民检察院,MzA4MjQ5MzIxNQ==,"为了进一步推进检务公开，拓宽人民群众了解检察工作、监督检察工作的渠道，及时回应社会关切，最高人民检察院官方微信将发布检察机关履行法律监督职能的工作信息等内容。"
日本通,MjM5OTg2NjczMg==,"介绍日本资讯的大型中文门户网站——日本通（www.517japan.com）官方订阅号，但一点儿也不端架子。致力于做新鲜有趣的日本相关科普，带你领略你未曾见过的日本，看看岛国人民究竟在想些什么。"
同程旅游,MzI2ODY5Mzc1NQ==,"同程旅游是中国领先的休闲旅游在线服务商，目前在中国景点门票预订市场和邮轮领域处于领先位置，并积极布局境外游、国内游、周边游等业务板块。让更多人享受旅游的乐趣是同程旅游的使命，同程旅游，快乐每一程！www.ly.com"
发现新西兰,MjM5NTY1MDg0Mw==,"新西兰新媒体门户 | 高颜值海外原创大号 | 提供旅行、留学、移民、投资资讯 | 海外视角 生活美学杂志。"
Feekr旅行,MjM5NTE4NTg3Mg==,"小众旅行,特价机票,精品酒店,文艺潮流…上千达人给你推荐世界各地的美好旅行生活方式,点 击“关注”免费获取独家资讯！"
Spenser,MzA3NjU2MDUzMA==,"百万青年集结地，金融职场老司机，懂职场，懂金融，更想懂你"
难逃一吸,MzU5NjM0MzE4Mw==,"当下年轻人的面貌、故事和态度"
ELLEMEN睿士,MzA5NTIwODMwNw==,"Mentally Sexy | 阅读荷尔蒙"
中央广电总台中国之声,Mjc4NjgzMzYwMA==,"中国之声，最新闻"
鸣金网,MzAwOTIwNjY2MQ==,"关注创新，传递价值！原创、精彩、犀利、独家，科技金融新媒体！"
中国经营报,MjA5NTMyOTMwMQ==,"与中国企业同步成长，对话商业领袖，传播商业理想，服务商业人群，《中国经营报》掌控中国商界绝对话语权。"
Wind资讯,MjM5ODQ4MjgyMQ==,"中国大陆领先的金融数据、信息和软件服务企业，总部位于上海陆家嘴金融中心。"
新财富,MjM5MDAyNzQ0MA==,"标杆评选，连接资本圈；财富资讯，服务资本人。"
胡辛束,MjM5NTk1MzMxMg==,"少女不死心 |  微博@胡辛束"
前端大全,MzAxODE2MjM1MA==,"分享 Web 前端相关的技术文章、工具资源、精选课程、热点资讯"
互联网指北,MzIyMTE2NTExOA==,"互联网独立原创科技报道团队"
硅星人,MzI3ODg4ODEwMA==,"从科技到文化，从深度到段子，硅星人为你讲述关于硅谷的一切。"
谷雨计划,MzIyMzAwMTg2Nw==,"腾讯谷雨旗下支持中文非虚构作品创作与传播的项目，腾讯新闻、腾讯公益联合出品。"
游资欢乐海岸,MzU5MDUzNDcyOQ==,"每一个妖股，都有我的身影，得散户心者得天下！"
电影头条,MjM5MTEzMDc2MA==,"每天10分钟，将最火的电影电视剧综艺一网打尽。"
36氪Pro,MzUxOTA3MzMzOQ==,"「36氪Pro」是36氪推出的全新品牌，聚焦早期创投生态，为一级市场提供优质内容及深度服务。"
青年志Youthology,MzA5ODY2NDIyNQ==,"青年志自2008年开始专注研究青年文化，我们联结青年领袖，洞察文化趋势，启发商业创新，我们相信未来是年轻的。和青年同行，与趋势共赢。"
趋势交易的奶爸,MzI1MjQwMTA0Nw==,"职业投资人"
互联网分析沙龙,MjM5ODAxNzEwMA==,"为您提供专业的商业模式、产品、数据、用户、电子商务、社会化媒体、移动互联网等深度分析的信息网站！秉承“信息交流、深度分享”的理念，是为用户缩短获取信息途径，提升阅读质量的深度分析网站。"
市界,MTA3NDI5ODU0MQ==,"最具洞见的资本观察"
互联网行业观察,MjM5NzI4MjAzNw==,"互联网行业深度洞察，最前沿资讯、行业深度分析、内幕小道全覆盖，重磅新闻跟踪报道！"
ZOL中关村在线,MjM5MzM1NjU2MA==,"看科技资讯、查产品报价，上中关村在线。"
中国房地产报,MjM5MjA0OTUwMA==,"聚焦地产，洞悉中国。本号为中国房地产报唯一官方认证号。"
地道风物,MzAxMjU2NzUyMA==,"地道风物是中国国家地理发起的互动平台，通过脚踏实地的风物发现之旅、值得信赖的线上线下原创内容，复兴原乡传统、寻访最佳物产、捕捉匠心民艺，分享最本真的生活方式。"
腾讯游戏频道,MjM5MzAzMDUwMA==,"特权礼包、福利活动、新游动态尽在腾讯游戏频道。"
腾讯数码,MjM5NTc3MDA4MQ==,"新鲜的热门资讯，详尽的一手评测，丰富的使用技巧，你要的数码尽在于此。"
中国日报,MzAxNzE1OTA1MA==,"CHINA DAILY（中国日报）官方中文公众号，解读中国万象，点评世界风云。"
好姑娘光芒万丈,MzAxNDAyMDQ5Ng==,"又酷又有趣的少女集中营，跟老妖一起成长为更好的女孩。"
程序人生,MzA5MzY4NTQwMA==,"笑谈开发轶事，品味程序人生。"
在家ZAIJIA,MzIzNTM1MDc5OA==,"轻轻松松小妙招，就让你家几十平米的小房子，装修得像大别墅～"
卡车之家,MjM5NTAwMzE0MA==,"卡车之家网站（www.360che.com）官方订阅号。卡车之家，网聚卡车人的力量。"
K8S中文社区,MzI5ODQ2MzI3NQ==,"国内 Kubernetes 技术爱好者聚集地，内容起于K8S而不止于K8S，涉及Docker、微服务、ServiceMesh、DevOps、虚拟化等云计算及云原生相关开源项目，分享技术、经验、资讯，坚持干货。"
睡不着便利店,MTYxNjMwMTc2MQ==,"不管多难熬的日子，这里都有一盏灯为你点亮"
设计邦,MzAxOTY5MzA3MQ==,"关注设计邦，驻足细节，感受设计的美~"
见实,MzU3NTU5NDc0NA==,"每天一个深度案例，聚焦社交增长策略"
鬼脚七,MjM5OTM3NjIyMA==,"佛学爱好者，文学爱好者，曾经的电商人，嗯，就这样！"
营销品牌官,MzIwNjI3ODgwMA==,"原【4A广告文案精选】/改名了，别取关/ 月薪30000的广告营销人，都在这里~"
SocialMarketing,MzA3OTk4Nzk1Nw==,"广告营销圈最具成长价值的公众号！"
汽车行业关注,MjM5NTUxNDg1NA==,"汽车行业关注报导汽车行业资讯，深挖车界猛料，关注汽车营销，报导有价值的汽车资讯。"
聚驾公社,MjM5MTQ0MDIwMQ==,"选择一辆车，选择一种生活方式，与志同道合的朋友在一起，共度好时光。"
互联网评论,MzAxMjcxOTE1Mw==,"2016十大科技原创新媒体，关注科技行业前沿发展，发现最酷科技产品，挖掘IT奇才故事，覆盖200万高知科技读者。（此为正版）"
广州乐居,MjM5MjI3NjE0MA==,""
知晓程序,MzI4ODUxNTczMA==,"知晓程序，是爱范儿旗下的新商业服务平台，专注「小程序生态」，提供小程序推荐、资讯、技巧、开发教程、活动、社区等服务。更多小程序内容请访问 minapp.com"
陀螺财经,MzU0NzU5NzAyMw==,"财经行业新闻"
极客之选,MzA5MTMyNTYzNA==,"这是极客公园运营的新酷产品频道，告诉你极客在玩什么，帮你从极客的视角发现这个世界上有用、有趣、有风格的创新产品。那些明天流行的新玩意儿，你会第一个看到和体验到。"
IT时报,MjM5MjM2MzEyNQ==,"做报纸，也懂互联网，这里是《IT时报》(IT Times)微信版。作为上海一份IT类周报的新媒体产品，这里汇聚了关注全球IT业的魔都资深IT记者。我们追求原创独家新锐，以及读视听多种表达方式。ps. 使用IT产品有问题？留言与编辑互动。"
陈列共和,MzA3NTExNDAyNA==,"可能是中国时尚零售第一自媒体"
瞭望,MjM5NzUzNjE2MA==,"瞭望周刊官方微信，给您有营养的深度资讯"
eatwithchina,MzAwNzAxNDYyMA==,"Meet amazing people, eat great food and enjoy unforgettable experiences, in China!"
卢泓言,MjM5OTAwNTQ0MA==,"持清净心"
别的BieDe,MjM5NTc1NjYyMA==,"异视异色"
时尚芭莎艺术,MjM1NDQ5NjE0MQ==,"您的【掌上美术馆】"
后浪,MzA4NzAxMjQyMg==,"~先读书，后浪~"
国馆文化,MzI5ODMwODg0OQ==,"用文化温暖人心，让好书滋养心灵，以好物点缀生活。每天10点，分享有深度的好文，品味有内涵的好书，遇见精致有品的美物。"
谷歌开发者,MzAwODY4OTk2Mg==,"Google 中国官方账号。汇集 Android, Flutter, Chrome OS, AI 等开发技术，以及 Google Play 平台出海相关信息。"
TripAdvisor猫途鹰,MjM5MzEwNzkyMA==,"TripAdvisor（中文名 猫途鹰）官方订阅号。为你精选旅行资讯，分享旅行体验、攻 略和指南，一键查找附近吃喝玩乐。"
公路商店,MjM5ODc5MDM2MA==,"一些小众自我的东西往往会切入主流的创作者从而变成主流，我们探索、发现一切尚未被实用主义全面污染的青年文化以及一切被年轻人所接纳的事物和观点，以先锋视角解构有趣的青年生活方式"
H5案例分享,MzIzMzAyODM2MA==,"快速了解H5案例，从创意角度和技术角度，讨论H5案例。适合人群：产品经理，宣传策划，设计师，技术开发工程师，新媒体，爱好创意的小伙伴必备~"
LCA,MjM5MTQ4NzA3Mw==,"热爱生活 喜欢文化 关注艺术"
首席商业评论,MjM5MjE5ODA4MA==,"《首席商业评论》是移动互联时代的首选商业评论。我们尊崇“众创、互联、共享”的互联网精神，提倡培养领导力与创新思维，并以此作为价值准则，努力为企业家与商界人士提供符合发展趋势的内容与服务。"
微信时刻,MjM5MDYxMzg2NQ==,"因你看见，所以存在。WeChat Moments ，专业、好玩、有态度，让你更懂 WeChat"
Keep,MzAxNTA5NzgyNQ==,"Keep，2 亿运动爱好者都在用的 App。关注 @Keep ：健身方式、饮食建议、用户蜕变，尽在指间。"
做書,MzA5NDExMjUwOA==,"记录出版者的努力与探索，发现每一本书背后的故事。"
少数派,MjM5NDU1NTE5NA==,"帮你找到好用的 iOS 、Android、Windows、macOS 应用，提升工作效率和生活品质。"
IT桔子,MjM5MjQ2NzA2Mg==,"关注IT桔子，即时了解国内外IT互联网新公司新产品、投融资事件等信息。"
十五言,MzA5NTY5NzYyNA==,"带你推敲这个世界"
左林右狸,MjM5ODU2NTIwMA==,"志在为邻里提供互联网深度八卦。我们的口号是站得高，自然尿的远。欢迎和我们一起八。本账号由@林军和@banly共同维护。"
金错刀,MzUzNDY0NzQwMQ==,"科技商业观察家。爆品战略提出者。"
吴怼怼,MzA4OTkwMDc2MA==,"左手科技互联网，右手文娱与消费。"
北京大学,MzA3OTE0MjQzMw==,"发布北大权威信息，展示北大校园生活，服务广大师生校友。"
格隆汇APP,MzAwNjExNDkyOA==,"中国领先的全球投资研究平台。全球视野，下注中国。让最普通的投资者能够享受到专业的研 究服务，让每一个个体的投资之路不再孤单和艰难。"
开眼Eyepetizer,MzI1NTQ1OTE0Nw==,"全球新鲜生活指南 | Keep Fresh & Enjoy Life"
Docker,MzA5OTAyNzQ2OA==,"关注云原生相关的开源项目和基础架构，致力于分析并报道这些新技术是如何以及将会怎样影响企业的软件构建方式。"
二爷鉴书,MjM5OTM4ODU4MA==,"第一时间向大家推荐好书和介绍，同时坚决揭露烂书，以IT、互联网行业为主。个人品味，仅供参考。"
腾讯房产,MjM5ODAyMTQ0MA==,""
腾讯财经,MjM5OTA0Mzc2MA==,""
动点出海,MjM5Njc2NDk4NA==,"动点科技（TechNode）旗下关注中国企业出海与海外优秀科技企业的垂直平台"
东七门,MzIzNzA5NjE0Mw==,"年轻人独特的观点聚集地。"
插座学院,MzAwNzEzNzU0Ng==,"成长充电第一站，180万职场人都在关注，陪有梦想的你一起成长。"
译言,MjM5NDIzMzU4MA==,"发现、翻译、分享中文之外的互联网精华"
中国人的一天,MjM5MDIzNzA4MA==,"腾讯新闻王牌纪实栏目，成立于2010年，聚焦普通中国人的生存状态和喜怒哀乐。"
大家-腾讯新闻,MjM5ODIwNDIwMA==,"腾讯新闻出品、谷雨工作室旗下栏目《大家》，精选大家文章，畅享阅读时光。"
福布斯,MzIwODU2NjQ5Mw==,"《福布斯》中国官方账号。福布斯中文版是福布斯媒体集团在中国所运营的财经商业媒体。"
国际在线,MTYyODMwOTMwMQ==,"在这里，看懂世界。"
DoNews,MjM5NjAxNTA0MA==,"DoNews是中国领先的IT媒体网站，每天及时向您传递IT业界发生的各类新鲜资讯。有料、有趣，推送的每篇文章都不辜负您的关注。"
界面新闻,MjM5NTE0ODc2Nw==,"界面新闻是中国具有影响力的原创财经新媒体，只服务于独立思考的人群"
长安街知事,MzA5MDA0NDA4NA==,"提供靠谱的政事分析，解读注意不到的新闻细节，脑补有趣有料的政治常识。一群接近核心的小编，给你提供走心的时政新闻。"
iWeekly周末画报,MTI1MTIyOTYyMQ==,"遇见美好，洞见未来，我们的新闻不会太联播，生活必须很风尚；星座不会差太多，福 利必须送到位。iWeekly App官方号，世界公民的行动读本，时刻保持与世界连线！"
CHINADAILY,MjM5NTgzOTQ3Mw==,"China Daily's Wechat account provides China news, in-depth reports and analysis."
互联网思维,MzA5NzAzMjIxMw==,"互联网思维，是互联网多年发展积累出来的一种思维模式，它可以应用在互联网领域，也可以传递给其他领域。我们会每天分享我们阅读到的能够体现互联网思维的文章，大家一起阅读、学习。"
周成刚在路上,MzAxNTgxODc5Mg==,"做教育 思考教育 分享教育感悟"
今日科学,MjM5NDY2NjQzOA==,"今日科学网致力于启蒙公众理性，促进科学界进步，沟通科学与社会，打造一流的科学界门户网站。每天为职业科学家和社会公众提供不可或缺的、新鲜的科学新闻，权威的深度分析以及丰富实用的职业发展资讯。"
真格基金,MjM5NDk5MTA0MQ==,"真格基金是由新东方联合创始人徐小平、王强和红杉资本中国在2011年联合创立的天使投资基金，投资了包括聚美优品、世纪佳缘、兰亭集势、东方网力、51Talk、英雄互娱、美菜网、ofo、依图科技、优客工场、VIPKID等在内的众 多明星公司。"
小红书App,MjM5MDQ1ODk5NA==,"年轻人的生活分享社区。下载小红书App，标记吃穿玩乐买的生活日常"
风茕子,MzAxNjcyOTI5NQ==,"一个写蹲坑读物的人。"
良仓,MjM5ODA2MDQ4Mg==,"搜罗全球好看好用买得起的生活用品，一键购买。每日推送最新的品味升级资讯。"
我实在是太CJ了,MjM5MzczNjM2MA==,"写得很糟糕，只有脸好看。"
冯唐,MjM5OTI4MzQxNA==,"不住轮回，不住涅槃，文字打败时间"
六点半,MjM5NzM4MDg1MA==,"陈翔导演作品。"
创业财经汇,MjM5NjAyMTYyMg==,"分享创业者，创新者，投资人的实干经验，传播有价值的最新资讯，覆盖创业案例、技能、项目、营销、财经、科技、哲理、故事等。"
直播吧,MzA3NTAwMzgzNQ==,"直播吧官方公众号，直播8、zhibo8.cc、zhibo8.com"
新财富投研圈,MjM5MTA5MjE3Nw==,"高品质研究聚集地。依托34个领域1000多位分析师的智慧，每日精选最高研值的分析师观点。另有系列线上线下资本圈投研活动。一二级市场专业投资者必看。"
腾讯研究院,MjM5OTE0ODA2MQ==,"腾讯公司设立的社会科学研究机构，依托腾讯公司多元的产品、丰富的案例和海量的数据，围绕产业发展的焦点问题，通过开放合作的研究平台，汇集各界智慧，共同推动互联网产业健康、有序的发展，致力于成为现代科技与社会人文交叉汇聚的研究平台。"
数英DIGITALING,MzA4NTQzNTMwOA==,"数英网 DIGITALING是一个集数字媒体及职业招聘于一体的资讯平台。"
LonelyPlanet,MzAxNDUzNjk2MA==,"Lonely Planet是世界上最大最知名的旅行内容提供者，40多年来我们的旅行指南伴随无数 旅行者走遍这个星球的每个角落。2013年我们正式成立中国分公司。"
科技日报,MzI3NDI5MjI4OQ==,"《科技日报》是富有鲜明科技特色的综合性日报，是面向国内外公开发行的中央主流新闻媒体，是党和国家在科技领域的重要舆论前沿，是广大读者依靠科技创造财富、提升文明、刷新生活的服务平台，是中国科技界面向社会、连接世界的明亮窗口。"
电脑爱好者,MTI2NzIyNzM0MQ==,"领略科技新生活，畅享互联新时代！"
爱奇艺,MjM5NzI5NTQwMA==,"爱奇艺(iQIYI.COM)，综合视频门户网站。悦享品质。"
奇舞周刊,MzA5NzkwNDk3MQ==,"《奇舞周刊》是由奇舞团维护的前端技术周刊。除周五外，每天向大家推荐一篇前端相关技术文章，每周五向大家推送周刊汇总内容。"
公关界007,MzI2NDEwODM1OA==,"广告公关「案例评析」影响力媒体！"
文曰小强,MzA4NTg1OTczOA==,"早7:00一条语音读书笔记(暂停中)，时逢星期五一部原著速读视频。小强专注三件事：读书、拉片、做视频。非公知，不权威。屌命侠心、如蟑顽强！"
深圳公安发布,MzI1OTA5Mzc4Mw==,"等你很久了~"
开发者头条,MzA4Njk2NDAzMA==,"程序员分享平台 | 官方应用下载地址：http://toutiao.io/download"
企鹅吃喝指南,MjM5Mzc5NTk1OQ==,"客观独立，亲身实测，专业严选，找遍来自全世界的好东西，和你分享吃得到、喝得出的快乐。"
微信派,MjM5NjM4MDAxMg==,"微信官方信息第一出口"
格隆汇,MzA5MTAxMjEyMQ==,"格隆汇旗下公众号。分享和探讨港股、美国中概股以及少量估值确有吸引力之A股的投资线索、投 资机会与投资心得。"
董车会,MzA5MTQyMDQzNA==,"汽车科技媒体。关注汽车智能化发展及构筑新酷汽车生活的一切。"
中国企业家杂志,MTI3NTQ1MTY0MQ==,"一个阶层的生意与生活"
广州房产,MjM5MDE2MTUyMQ==,"为你提供了不起的房产信息服务，包括个性化的寻房定制，广州热点楼盘的资讯、户型、交通位置，当然，你也能通过地铁、区域、价格等关键字，找到符合你的心水物业，一切都那么简单"
虎扑,MjI0ODI0NzkwMQ==,"虎扑体育——力求成为中国最大的专业体育网站，中国体育营销的领军者。"
TGO鲲鹏会,MzA4NTU2MTg3MQ==,"每日分享技术干货与一线大咖动态，助你在成长的路上更具优势。"
经济观察报,MjM5OTExMjYwMA==,"《经济观察报》官方微信。最具影响力的市场化财经媒体，下辖纸质版、经济观察网、研究院、电子版、音视频、微博、微信等全媒体矩阵，并主办中国最受尊敬企业、中国杰出营销奖、中国蓝筹地产、观察家年会、可持续发展在中国、中国最具创新企业等系列品牌活动。"
动点科技,MjM5NTAyNjE4MA==,"动点科技TechNode，中国极具国际影响力的科技新媒体，国际顶尖科技媒体TechCrunch的中国独家合作伙伴。也是首家用中英双语报道中国创业创新的平台。"
雕爷,MjM5MzEyOTA0OQ==,"雕爷地盘，闲时扯淡的地方，由于我丫喜欢随口骂人，还是知名广告狗，有洁癖者请勿关注，如有冒犯，纯属必然，坚决不改。另外，拉黑人什么的，我最喜欢啦~"
程序人生,MzA3NDM0ODQwMw==,"十年漫漫程序人生，打过各种杂，也做过让我骄傲的软件；管理过数十人的团队，还带领一班兄弟姐妹创过业，目前在硅谷一家创业公司担任 VP。关注程序人生，了解程序猿，学做程序猿，做好程序猿，让我们的程序人生精彩满满 。"
游戏日报,MjM5NTIzNjA2MA==,"游戏从业者必备参考，提供最真实游戏行业资讯"
新榜,MzAwMjE1NjcxMg==,"自媒体，找新榜就对了。两微一抖小红书，KOL+KOC+Feeds，内容营销、电商带货、用户运营、版权 分发。新榜——服务于内容产业，以内容服务产业。"
文杰淘楼,MzIwNTI3NDAwMA==,"1、持续看空楼市的就别关注了，自找没趣。2、15年地产老炮，带你穿越楼市迷雾。3、淘遍深 圳新房，寻找穿越牛熊的房产投资术。4、深圳楼市还有大量财富机会，我们共同去挖掘。5、记录个人楼市足迹、思考与观点。"
玩物志,MjM5NjAwMjEwMA==,"挖掘不一样的品质生活"
网易科技,MjM5OTgyNTA0MQ==,"网易科技频道，有态度的科技门户。"
外滩TheBund,MzIyNTg5NTAxNA==,"由《外滩画报》 新媒体全力打造，关于时尚、生活、娱乐、文化、艺术……为你提供一份优质城市生活指南。"
数字尾巴,MzU2MTM3MzU3OA==,"DGtle.com 之外，「分享美好数字生活」的新阵地。"
什么值得买,MjM5MjAyNzg4MA==,"“什么值得买”是集导购、媒体、工具、社区属性于一体的购物门户"
日式生活美学,MzUyNjc0NTQyNQ==,"给自己一个追求高品质生活的理由，感受日式生活美学带给我们的享受与静谧。"
Python开发者,MzA4MjEyNTA5Mw==,"人生苦短，我用 Python。「Python开发者」分享 Python 相关的技术文章、工具资源、精 选课程、热点资讯等。"
真叫卢俊,MzIxODgyOTA5NA==,"认认真真聊地产，实实在在谈买房。"
一勺言,MzA4NjQ3MzUyNw==,"一勺盐，让地产有滋有味。"
腾讯汽车,MjM5NTAxMTg0MA==,"这是腾讯汽车官方账号。小编会为您提供重磅新车资讯、热车降价信息、购车指导、用车小技巧、汽车八卦新闻等。您还能在这个平台在线问答，查询车型信息，如回复“大众”可获得车型报价、行情信息等等。关注腾讯汽车，看车，选车，玩车--样样满足您！"
十六番旅行,MzUzNzA3MDg5MA==,"十六番 APP 官方公众号，主要发旅行资讯，航旅特价、攻略游记等。"
马蜂窝旅游,MjM5NzAxMTU2MA==,"旅游之前，先上马蜂窝。"
环球网,MTQzMTE0MjcyMQ==,"世界很精彩！"
凤凰WEEKLY,MzI1NDY5NDM3OQ==,"有温度 有情感 有趣味"
下厨房,MTQ5MTMwOTA2MQ==,"菜谱更全，人气更高的美食社区。唯有美食与爱不可辜负。"
腾讯娱乐,MTA5NTIzNDE2MQ==,"在这里，读懂娱乐圈。"
深悦会,MjM5NTI4NDk0Mg==,"中国地产第一微刊。创新人居乐活圈。年度最佳自媒体。每日悦享干货、独家评论。"
东京新青年,MjM5MDgyODMwMA==,"日本当地自媒体，关于日本的新闻趣事，药妆商品，美食旅游，时尚服饰都掌握最新资讯。关于日本，我们很熟悉。"
日本设计小站,MzU2MjM4ODM1OA==,"设计无国界，关注日本设计小站，驻足细节。感受日本设计的美，字里行间体会日本设计的力量，让设计改变生活，用设计提高审美，在日本设计中学会成长。"
广州日报,MjM5MjA0MDk2MA==,"广州日报报业集团是中国内地第一家报业集团。《广州日报》创刊于1952年12月1日，是华南地 区发行量第一、订阅量第一、零售量第一和传阅率第一的报纸。"
冯仑风马牛,MzI0ODEyMTM1OQ==,"“冯仑风马牛”是以冯仑为核心的自媒体品牌。我们倡导自由与创造的价值观，从商人视角出发，为你浅入深出讲故事，带你似非而是观世界。"
参考消息,MjM5MzA0MTg2MA==,"纵览外国媒体每日报道精选"
野兽派娱乐,MzI1MzAzNjA2NQ==,"大型吃瓜基地"
UC校园,MzIyODE1MTM5MQ==,"“给的再多不如懂我”：推送最新的校园活动，最有趣的校园故事。"
腾讯创业,MzA3NjAwOTk0NA==,"腾讯新闻旗下创投内容官方帐号，致力于为创业者、投资人提供创业报道、智酷洞察、大数据分析等有价值的信息。"
深夜发媸,MzIzMTgxODE2Ng==,"一个不装的时尚号"
穷游网,MTc2MTIzOTg4MQ==,"中国一站式出境游旅行社区，帮助中国旅行者以自己的视角和方式体验世界。在穷游，用创造定义旅行，告别无聊苦闷，这里才是你精彩的开始！"
李淼,MjM5NDgyODUwNQ==,"一切商务及合作事宜，请联系经纪人@白毛毛，邮箱baimaomao@bukongwenhua.com"
腾讯科技,Mjc1NjM3MjY2MA==,"腾讯新闻旗下腾讯科技官方账号，在这里读懂科技！"
TechWeb,MTE3MzE4MTAyMQ==,"TechWeb专注于互联网消费领域，每日专业提供互联网产品、智能设备及互联网服务等方面的最新资讯。"
雷锋网,MTM2ODM0ODYyMQ==,"雷锋网，读懂智能&未来。"
华商韬略,MjM5NDA0NDkzOQ==,"华商韬略聚焦标杆企业（企业家）及产经热点的深度原创，拥有覆盖中国所有主流新媒体客户端的自媒体矩阵，主推文章全平台平均阅读50万＋，是最具原创力和传播力的财经自媒体机构之一。"
创伙伴,MzAwNzI0MTkwNw==,"影响中国一百万创业者和投资人。商业计划书投递：bp@chb.vc，官网：chuanghuoban.com"
车说,MjM5Mzg3NzAwNw==,"请系好安全带，我的车速有点快。众所周知,车说君的主业是解决一切选车、用车难题。"
财经三分钟,MzIwMDA3MTc4Ng==,"城市新中产阶层读本，千万级刷屏爆文财经新媒体，由资深财经评论员[ 杨瑞 ]主理，第一时间为你深度解读宏观大势、楼市风云、产业趋势、投资机遇及商业策略。"
北京土著,MzAxODA2MDE4MQ==,"咱北京土著自己的V信。我们是土著，我们都爱老北京。在这里，讲述你不知道的那些北京人与 事。小土著为你介绍最怀旧的老北京人文风俗，为你介绍最正宗的北京小吃和各种美食，老北京人网络上最后一片四合院。"
半月谈,MjM5OTU4Nzc0Mg==,"“中华第一刊”《半月谈》官微，每天帮你分析政治、经济、商业大事，解读社会发展，品味人生百态，您的政经顾问，学习良师，生活益友。"
住范儿,MzA4MTQ2NDg1NQ==,"全网大受欢迎的装修小白扫盲指南，让装修变得更轻松！同时提供「颜值革命」系列整体装修和局部装修服务，还能买到高颜值、高性价比的建材与家居好物！"
学习学习再学习,MzAxNzI4MTMwMw==,"李笑来：一位终生成长者"
投资眼老A,MzAwMDkzMzQxMg==,"一个炒了17年A股的投资人的学习笔记"
桃桃淘电影,MjM5MzA1MTA4Mg==,"一份影迷带给影迷的电影小杂志，来自微博 @桃桃淘电影 。每天分享各种电影信息，推荐经 典或冷门电影，院线电影推荐和评论，各种电影相关的趣事，以及电影的一切……"
商业周刊中文版,NzgzNTc1NTIx,"《商业周刊/中文版》由美国彭博社、中国商务出版社、现代传播集团联合出版，定位于“国 际视野，全球商机”，以洞见和趣味服务于全球化新经济时代读者。"
MK凉凉,MzUzOTUwNzMwMA==,"✨发现精致好物 | 👸🏼底妆大型实测 | 💄仙女口红试色 | 🥰一起活得漂亮 | 💫全平台同名 📮  合作咨询：mk@fenxing.com"
林奇,MjM5MzU1NzkxNQ==,"这里是知名私募人士林奇的价值投资日记。  重剑无锋，大巧不工。  长期集中投资时代风口的雄鹰，伴随伟大公司共同成长。"
IT老友记,MzUxNzU2NTEwMg==,"5分钟搞定全天靠谱互联网资讯！以极简主义做扫描，以专业主义做原创！"
虹膜,MzA3NzA1ODQzNA==,"专业、深入、犀利的电影介绍和评论。"
毒舌科技,MzI2MzEzNTI1NQ==,"Think Different."
城市画报,MjM5ODAxODM0MA==,"《城市画报》官方订阅号，其他都是假的。我们把脉城市青年的新鲜志趣，分享跳起来就够得着的生活。"
很帅的投资客,MzAwODMyMTY0Ng==,"欢迎关注说人话的投资指南，这里有你需要知道的所有财经知识。"
爱生活的燃烧,MzIzMDY5NTU5Nw==,"聊聊信用卡、航司、酒店、旅行，一起努力，追求更美好的生活"
吴柏臣售前频道,MzA5MTY0Njk1NA==,"解决方案销售与售前咨询那些事儿"
野生国师,MzI3ODk4MzQzMw==,"三观超正，拳拳到肉"
鲜枣课堂,MzI1NTA0MDUyMA==,"学通信，学5G，就上鲜枣课堂"
何乐不为,MzA5MTMwMDIyMA==,"让旅行不止于便宜"
IPO早知道,MzU2NDQ3NjExNg==,"IPO情报专家。"
LiveVideoStack,MzU1NTEzOTM5Mw==,"LiveVideoStack直播技术社区官方账号，分享音视频直播相关技术干货，产品研究与行业趋势。"
蓝翼说,MzIxMDAyMzc5MA==,"每一篇文章都精彩，让你更快成为信用卡和旅行的专家"
电影山海经,MzA3Mzc4MzI3MA==,"电影山海经：电影迷共同的小小的家"
佑伊映像,Mzg2NzA5MTY3NA==,"高清科普 蓝光碟讯 映画闲谈"
全国艺术电影放映联盟,MzI0NjY1NTk0Ng==,"全国艺术电影放映联盟是在电影局支持下，由中国电影资料馆作为牵头单位，联合国内主要电影院线、电影创作领军人物、网上售票平台等多方面力量，共同发起的长期放映艺术电影的社团组织。"
城市秘密,Mzg2MzI1MzY0NA==,"一座城市和他们的生活。 在这里读懂你生活的城市。"
滨江发布,MzA5MTgzOTMyNA==,"杭州市滨江区权威信息发布平台、民生信息服务平台，准确客观的展示滨江的城市形象。"
浦沿发布,MzAxNjEwODUyNQ==,"浦沿街道权威信息发布，民生信息服务，展示浦沿形象。"
之江全知道,MzI1MTMxMTYwMQ==,"哪里吃，哪里玩，各类项目配套进展如何？尽在之江、转塘、双浦、银湖、东洲地区20万人的第一新闻资讯平台——之江全知道！"
维维说房,MjM5NjI1NjE0NA==,"杭州楼市智库型媒体平台"
层楼,MzAxMDI3NzA1OA==,"你所知道的杭州神盘，大多有他的幕后推手。"
房特首,MzI0NjQyNTIyMQ==,"特别头条，首发楼事"
杭州PLUS,MzI3NjQzOTI5Mg==,"给单调乏味的杭城生活多一点光"
我们都饿了,MzAwMTMyMjE4Ng==,"杭州最具个性、格调的美食平台；为了你我们一直吃在最前面。"
MAOLivehouse杭州,MzAwMzUwMDI4OQ==,"MAO Livehouse杭州店"
广告门APP,MjM5MDAyMTA2MA==,"广告传播行业信息门户媒体"
法学学术前沿,MzUxNjUxODY1NA==,"识时务 有情怀 讲方法 结善缘 —— 易明法律研究院"
小刘的瞎说八道,MzAxNDQyMDYyMg==,"自己的吐槽公众号"
汽车商业评论,MjM5OTQzOTE0MA==, "推动中国汽车向前进"
